安徽,58015 ,砀山,3427 ,11620 
安徽,58016 ,萧县,3411 ,11658 
安徽,58102 ,亳州,3352 ,11546 
安徽,58107 ,临泉,3301 ,11517 
安徽,58108 ,界首,3314 ,11520 
安徽,58109 ,太和,3311 ,11537 
安徽,58112 ,天柱山,3044 ,11627 
安徽,58113 ,濉溪,3356 ,11645 
安徽,58114 ,涡阳,3329 ,11611 
安徽,58116 ,淮北,3359 ,11650 
安徽,58117 ,利辛,3308 ,11612 
安徽,58118 ,蒙城,3316 ,11631 
安徽,58122 ,宿州,3338 ,11659 
安徽,58125 ,灵璧,3335 ,11731 
安徽,58126 ,泗县,3328 ,11752 
安徽,58127 ,怀远,3259 ,11712 
安徽,58128 ,固镇,3320 ,11721 
安徽,58129 ,五河,3309 ,11750 
安徽,58202 ,阜南,3240 ,11534 
安徽,58203 ,阜阳,3252 ,11544 
安徽,58210 ,颍上,3239 ,11614 
安徽,58212 ,凤台,3243 ,11646 
安徽,58214 ,霍邱,3220 ,11617 
安徽,58215 ,寿县,3226 ,11647 
安徽,58220 ,长丰,3228 ,11709 
安徽,58221 ,蚌埠,3251 ,11718 
安徽,58222 ,凤阳,3251 ,11733 
安徽,58223 ,明光,3248 ,11759 
安徽,58224 ,淮南,3239 ,11701 
安徽,58225 ,定远,3232 ,11740 
安徽,58234 ,来安,3228 ,11825 
安徽,58236 ,滁州,3221 ,11815 
安徽,58240 ,天长,3241 ,11901 
安徽,58306 ,金寨,3141 ,11553 
安徽,58311 ,六安,3144 ,11630 
安徽,58314 ,霍山,3124 ,11619 
安徽,58316 ,舒城,3128 ,11655 
安徽,58317 ,岳西,3052 ,11622 
安徽,58319 ,桐城,3104 ,11657 
安徽,58320 ,肥西,3144 ,11708 
安徽,58321 ,合肥,3147 ,11718 
安徽,58323 ,肥东,3153 ,11728 
安徽,58326 ,巢湖,3135 ,11750 
安徽,58327 ,庐江,3116 ,11717 
安徽,58329 ,无为,3120 ,11752 
安徽,58330 ,含山,3145 ,11805 
安徽,58331 ,和县,3144 ,11822 
安徽,58334 ,芜湖,3123 ,11822 
安徽,58335 ,当涂,3134 ,11831 
安徽,58336 ,马鞍山,3142 ,11834 
安徽,58337 ,繁昌,3105 ,11811 
安徽,58338 ,芜湖县,3109 ,11835 
安徽,58417 ,宿松,3010 ,11608 
安徽,58429 ,铜陵,3059 ,11751 
安徽,58431 ,南陵,3054 ,11819 
安徽,58432 ,泾县,3041 ,11824 
安徽,58433 ,宣城,3056 ,11845 
安徽,58435 ,旌德,3018 ,11832 
安徽,58436 ,宁国,3037 ,11859 
安徽,58437 ,黄山,3008 ,11809 
安徽,58441 ,广德,3052 ,11925 
安徽,58442 ,郎溪,3110 ,11911 
安徽,58520 ,祁门,2951 ,11743 
安徽,58523 ,黟县,2956 ,11756 
安徽,58530 ,歙县,2952 ,11826 
安徽,58531 ,屯溪,2943 ,11817 
安徽,58534 ,休宁,2947 ,11811 
北京,54398 ,顺义,4008 ,11637 
北京,54399 ,海淀,3959 ,11617 
北京,54406 ,延庆,4027 ,11558 
北京,54416 ,密云,4023 ,11652 
北京,54419 ,怀柔,4022 ,11638 
北京,54421 ,密云上甸子,4039 ,11707 
北京,54424 ,平谷,4010 ,11707 
北京,54431 ,通州,3955 ,11638 
北京,54433 ,朝阳,3957 ,11630 
北京,54499 ,昌平,4013 ,11613 
北京,54501 ,斋堂,3958 ,11541 
北京,54505 ,门头沟,3956 ,11606 
北京,54511 ,北京,3948 ,11628 
北京,54513 ,石景山,3957 ,11612 
北京,54514 ,丰台,3952 ,11615 
北京,54594 ,大兴,3943 ,11621 
北京,54596 ,房山,3946 ,11612 
北京,54597 ,霞云岭,3944 ,11544 
福建,58724 ,光泽,2732 ,11719 
福建,58725 ,邵武,2720 ,11728 
福建,58730 ,武夷山,2746 ,11802 
福建,58731 ,浦城,2755 ,11832 
福建,58734 ,建阳,2720 ,11807 
福建,58735 ,松溪,2731 ,11845 
福建,58736 ,政和,2723 ,11849 
福建,58737 ,建瓯,2703 ,11819 
福建,58744 ,寿宁,2727 ,11925 
福建,58747 ,周宁,2709 ,11921 
福建,58748 ,福安,2706 ,11939 
福建,58749 ,柘荣,2714 ,11953 
福建,58754 ,福鼎,2720 ,12012 
福建,58818 ,宁化,2614 ,11638 
福建,58819 ,清流,2611 ,11649 
福建,58820 ,泰宁,2654 ,11710 
福建,58822 ,建宁,2650 ,11651 
福建,58823 ,顺昌,2648 ,11748 
福建,58824 ,明溪,2624 ,11709 
福建,58826 ,沙县,2624 ,11748 
福建,58828 ,三明,2616 ,11737 
福建,58836 ,古田,2635 ,11844 
福建,58837 ,尤溪,2609 ,11809 
福建,58839 ,闽清,2614 ,11851 
福建,58843 ,霞浦,2653 ,12001 
福建,58844 ,闽侯,2609 ,11909 
福建,58845 ,罗源,2630 ,11932 
福建,58846 ,宁德,2640 ,11931 
福建,58847 ,福州,2605 ,11917 
福建,58848 ,连江,2612 ,11933 
福建,58850 ,三沙,2655 ,12014 
福建,58911 ,长汀,2551 ,11622 
福建,58917 ,武平,2505 ,11606 
福建,58918 ,上杭,2503 ,11625 
福建,58923 ,大田,2542 ,11750 
福建,58926 ,漳平,2518 ,11725 
福建,58927 ,龙岩,2503 ,11701 
福建,58928 ,华安,2501 ,11732 
福建,58929 ,安溪,2504 ,11809 
福建,58931 ,九仙山,2543 ,11806 
福建,58932 ,永泰,2552 ,11856 
福建,58934 ,永春,2520 ,11816 
福建,58935 ,德化,2529 ,11814 
福建,58938 ,秀屿,2514 ,11859 
福建,58941 ,长乐,2558 ,11930 
福建,58942 ,福清,2543 ,11923 
福建,58944 ,平潭,2531 ,11947 
福建,58946 ,莆田,2527 ,11900 
福建,59113 ,永定,2444 ,11643 
福建,59122 ,长泰,2437 ,11745 
福建,59124 ,南靖,2431 ,11723 
福建,59125 ,平和,2423 ,11718 
福建,59127 ,龙海,2426 ,11750 
福建,59129 ,漳浦,2408 ,11736 
福建,59130 ,同安,2444 ,11809 
福建,59131 ,南安,2458 ,11822 
福建,59133 ,崇武,2454 ,11855 
福建,59134 ,厦门,2429 ,11804 
福建,59320 ,诏安,2345 ,11708 
福建,59322 ,云霄,2359 ,11722 
甘肃,52323 ,马鬃山,4148 ,9702 
甘肃,52515 ,肃北,3931 ,9452 
甘肃,52533 ,酒泉,3946 ,9829 
甘肃,52546 ,高台,3922 ,9950 
甘肃,52557 ,临泽,3909 ,10010 
甘肃,52643 ,肃南,3850 ,9937 
甘肃,52652 ,张掖,3905 ,10017 
甘肃,52656 ,民乐,3826 ,10049 
甘肃,52674 ,永昌,3814 ,10158 
甘肃,52679 ,武威,3755 ,10240 
甘肃,52681 ,民勤,3838 ,10305 
甘肃,52784 ,古浪,3728 ,10254 
甘肃,52787 ,乌鞘岭,3712 ,10252 
甘肃,52797 ,景泰,3711 ,10403 
甘肃,52881 ,天祝,3659 ,10311 
甘肃,52884 ,皋兰,3621 ,10357 
甘肃,52885 ,永登,3645 ,10315 
甘肃,52895 ,靖远,3634 ,10441 
甘肃,52896 ,白银,3633 ,10409 
甘肃,52978 ,夏河,3512 ,10231 
甘肃,52980 ,永靖,3558 ,10318 
甘肃,52981 ,东乡,3541 ,10323 
甘肃,52982 ,广河,3529 ,10333 
甘肃,52983 ,榆中,3552 ,10409 
甘肃,52984 ,临夏,3535 ,10311 
甘肃,52985 ,和政,3525 ,10320 
甘肃,52986 ,临洮,3522 ,10352 
甘肃,52988 ,康乐,3522 ,10343 
甘肃,52993 ,会宁,3541 ,10504 
甘肃,52995 ,安定,3535 ,10437 
甘肃,52996 ,华家岭,3523 ,10501 
甘肃,52998 ,渭源,3508 ,10412 
甘肃,53821 ,环县,3634 ,10718 
甘肃,53829 ,庆城,3559 ,10754 
甘肃,53906 ,静宁,3531 ,10543 
甘肃,53908 ,通渭,3513 ,10514 
甘肃,53915 ,崆峒,3533 ,10640 
甘肃,53917 ,庄浪,3513 ,10604 
甘肃,53923 ,西峰,3544 ,10738 
甘肃,53924 ,灵台,3504 ,10737 
甘肃,53925 ,镇原,3541 ,10711 
甘肃,53926 ,泾川,3521 ,10721 
甘肃,53927 ,华亭,3512 ,10637 
甘肃,53928 ,崇信,3518 ,10701 
甘肃,53930 ,华池,3627 ,10759 
甘肃,53934 ,合水,3547 ,10759 
甘肃,53935 ,正宁,3529 ,10824 
甘肃,53937 ,宁县,3531 ,10755 
甘肃,56071 ,碌曲,3435 ,10230 
甘肃,56074 ,玛曲,3400 ,10205 
甘肃,56080 ,合作,3500 ,10254 
甘肃,56081 ,临潭,3442 ,10321 
甘肃,56082 ,卓尼,3435 ,10330 
甘肃,56084 ,迭部,3404 ,10314 
甘肃,56091 ,漳县,3451 ,10428 
甘肃,56092 ,陇西,3500 ,10439 
甘肃,56093 ,岷县,3426 ,10401 
甘肃,56094 ,舟曲,3347 ,10422 
甘肃,56095 ,宕昌,3402 ,10423 
甘肃,56096 ,武都,3324 ,10455 
甘肃,56192 ,文县,3257 ,10440 
甘肃,57001 ,甘谷,3445 ,10520 
甘肃,57002 ,秦安,3451 ,10539 
甘肃,57004 ,武山,3444 ,10453 
甘肃,57006 ,天水,3435 ,10545 
甘肃,57007 ,礼县,3411 ,10511 
甘肃,57008 ,西和,3402 ,10518 
甘肃,57011 ,清水,3445 ,10609 
甘肃,57012 ,张家川,3459 ,10612 
甘肃,57014 ,麦积,3434 ,10552 
甘肃,57102 ,成县,3345 ,10543 
甘肃,57105 ,康县,3320 ,10536 
甘肃,57110 ,徽县,3347 ,10605 
甘肃,57111 ,两当,3355 ,10618 
广东,57988 ,乐昌,2509 ,11321 
广东,57989 ,仁化,2504 ,11346 
广东,57996 ,南雄,2505 ,11415 
广东,59071 ,连南,2444 ,11217 
广东,59072 ,连州,2448 ,11222 
广东,59074 ,连山,2434 ,11209 
广东,59075 ,阳山,2429 ,11238 
广东,59081 ,乳源,2447 ,11317 
广东,59082 ,韶关,2440 ,11336 
广东,59087 ,佛冈,2353 ,11331 
广东,59088 ,英德,2411 ,11325 
广东,59090 ,始兴,2457 ,11404 
广东,59094 ,翁源,2421 ,11407 
广东,59096 ,连平,2422 ,11429 
广东,59097 ,新丰,2403 ,11412 
广东,59099 ,和平,2427 ,11456 
广东,59106 ,平远,2435 ,11554 
广东,59107 ,龙川,2407 ,11517 
广东,59109 ,兴宁,2409 ,11544 
广东,59114 ,蕉岭,2439 ,11610 
广东,59116 ,大埔,2420 ,11642 
广东,59117 ,梅县,2417 ,11604 
广东,59264 ,封开,2324 ,11130 
广东,59268 ,郁南,2315 ,11132 
广东,59269 ,德庆,2310 ,11147 
广东,59270 ,怀集,2355 ,11211 
广东,59271 ,广宁,2338 ,11226 
广东,59276 ,四会,2321 ,11239 
广东,59278 ,高要,2302 ,11227 
广东,59279 ,三水,2311 ,11252 
广东,59280 ,清远,2343 ,11305 
广东,59284 ,花都,2325 ,11314 
广东,59285 ,从化,2334 ,11336 
广东,59287 ,广州,2313 ,11329 
广东,59288 ,南海,2309 ,11301 
广东,59289 ,东莞,2258 ,11344 
广东,59290 ,龙门,2347 ,11415 
广东,59293 ,河源,2348 ,11444 
广东,59294 ,增城,2320 ,11350 
广东,59297 ,博罗,2311 ,11417 
广东,59298 ,惠阳,2304 ,11422 
广东,59303 ,五华,2355 ,11545 
广东,59304 ,紫金,2338 ,11511 
广东,59306 ,揭西,2327 ,11551 
广东,59310 ,丰顺,2346 ,11611 
广东,59312 ,潮州,2340 ,11642 
广东,59313 ,饶平,2341 ,11659 
广东,59314 ,普宁,2318 ,11608 
广东,59315 ,揭阳,2335 ,11624 
广东,59316 ,汕头,2324 ,11641 
广东,59317 ,惠来,2302 ,11618 
广东,59318 ,潮阳,2316 ,11635 
广东,59319 ,澄海,2326 ,11650 
广东,59324 ,南澳,2326 ,11702 
广东,59456 ,信宜,2221 ,11056 
广东,59462 ,罗定,2242 ,11136 
广东,59469 ,阳春,2210 ,11147 
广东,59470 ,新兴,2242 ,11212 
广东,59471 ,云浮,2256 ,11203 
广东,59473 ,鹤山,2246 ,11258 
广东,59475 ,开平,2224 ,11239 
广东,59476 ,新会,2232 ,11302 
广东,59477 ,恩平,2216 ,11214 
广东,59478 ,台山,2215 ,11247 
广东,59480 ,顺德,2251 ,11315 
广东,59481 ,番禺,2256 ,11319 
广东,59485 ,中山,2230 ,11324 
广东,59487 ,斗门,2214 ,11318 
广东,59488 ,珠海,2217 ,11334 
广东,59492 ,惠东,2258 ,11444 
广东,59493 ,深圳,2232 ,11400 
广东,59500 ,海丰,2258 ,11519 
广东,59501 ,汕尾,2248 ,11522 
广东,59502 ,陆丰,2257 ,11539 
广东,59650 ,遂溪,2124 ,11015 
广东,59653 ,高州,2156 ,11051 
广东,59654 ,廉江,2138 ,11018 
广东,59655 ,化州,2139 ,11037 
广东,59656 ,吴川,2124 ,11049 
广东,59658 ,湛江,2109 ,11018 
广东,59659 ,茂名,2145 ,11055 
广东,59663 ,阳江,2150 ,11158 
广东,59664 ,电白,2132 ,11059 
广东,59673 ,上川岛,2144 ,11246 
广东,59750 ,雷州,2058 ,11004 
广东,59754 ,徐闻,2020 ,11011 
广西,57859 ,资源,2602 ,11038 
广西,57927 ,天峨,2458 ,10711 
广西,57941 ,三江,2547 ,10936 
广西,57942 ,龙胜,2548 ,11000 
广西,57947 ,融安,2513 ,10924 
广西,57948 ,融水,2505 ,10915 
广西,57949 ,永福,2459 ,11000 
广西,57954 ,临桂,2514 ,11011 
广西,57955 ,兴安,2537 ,11040 
广西,57956 ,灵川,2525 ,11019 
广西,57957 ,桂林,2519 ,11018 
广西,57960 ,全州,2556 ,11104 
广西,57964 ,灌阳,2530 ,11109 
广西,59001 ,隆林,2447 ,10520 
广西,59004 ,西林,2430 ,10506 
广西,59012 ,乐业,2447 ,10633 
广西,59015 ,凌云,2421 ,10634 
广西,59017 ,田林,2416 ,10616 
广西,59021 ,凤山,2433 ,10702 
广西,59023 ,河池,2442 ,10802 
广西,59025 ,东兰,2432 ,10723 
广西,59027 ,巴马,2408 ,10715 
广西,59031 ,环江,2449 ,10816 
广西,59034 ,宜州,2429 ,10840 
广西,59037 ,都安,2356 ,10806 
广西,59038 ,忻城,2404 ,10839 
广西,59041 ,柳城,2439 ,10915 
广西,59044 ,沙塘,2428 ,10923 
广西,59045 ,鹿寨,2429 ,10945 
广西,59046 ,柳州,2421 ,10924 
广西,59047 ,柳江,2415 ,10920 
广西,59052 ,恭城,2450 ,11049 
广西,59053 ,平乐,2437 ,11040 
广西,59055 ,荔浦,2430 ,11024 
广西,59057 ,金秀,2408 ,11011 
广西,59058 ,蒙山,2412 ,11031 
广西,59059 ,昭平,2411 ,11048 
广西,59065 ,贺州,2425 ,11130 
广西,59209 ,那坡,2325 ,10550 
广西,59211 ,百色,2354 ,10636 
广西,59215 ,德保,2320 ,10638 
广西,59218 ,靖西,2308 ,10625 
广西,59224 ,田东,2336 ,10707 
广西,59227 ,天等,2307 ,10708 
广西,59228 ,平果,2319 ,10735 
广西,59229 ,隆安,2310 ,10742 
广西,59230 ,马山,2343 ,10810 
广西,59235 ,上林,2326 ,10837 
广西,59237 ,武鸣,2310 ,10817 
广西,59238 ,宾阳,2313 ,10848 
广西,59241 ,象州,2358 ,10941 
广西,59242 ,来宾,2345 ,10914 
广西,59246 ,武宣,2336 ,10940 
广西,59255 ,平南,2333 ,11023 
广西,59256 ,藤县,2322 ,11055 
广西,59265 ,梧州,2329 ,11118 
广西,59266 ,苍梧,2325 ,11114 
广西,59419 ,凭祥,2206 ,10645 
广西,59421 ,大新,2250 ,10712 
广西,59429 ,上思,2211 ,10801 
广西,59431 ,南宁,2238 ,10813 
广西,59432 ,南宁城区,2248 ,10824 
广西,59435 ,邕宁,2246 ,10829 
广西,59441 ,横县,2242 ,10915 
广西,59446 ,灵山,2225 ,10918 
广西,59448 ,浦北,2216 ,10933 
广西,59449 ,博白,2218 ,10959 
广西,59451 ,北流,2242 ,11021 
广西,59452 ,容县,2250 ,11032 
广西,59454 ,岑溪,2257 ,11100 
广西,59457 ,陆川,2219 ,11016 
广西,59632 ,钦州,2157 ,10837 
广西,59635 ,防城港,2137 ,10821 
广西,59640 ,合浦,2140 ,10911 
广西,59644 ,北海,2127 ,10908 
贵州,56598 ,赫章,2708 ,10444 
贵州,56691 ,威宁,2652 ,10417 
贵州,56792 ,普安,2547 ,10458 
贵州,56793 ,盘县,2543 ,10428 
贵州,57606 ,桐梓,2808 ,10650 
贵州,57623 ,道真,2853 ,10736 
贵州,57625 ,正安,2833 ,10727 
贵州,57634 ,务川,2831 ,10753 
贵州,57636 ,沿河,2834 ,10830 
贵州,57637 ,德江,2815 ,10806 
贵州,57647 ,松桃,2809 ,10911 
贵州,57707 ,毕节,2718 ,10517 
贵州,57708 ,大方,2709 ,10536 
贵州,57710 ,仁怀,2748 ,10624 
贵州,57714 ,金沙,2728 ,10614 
贵州,57717 ,遵义县,2732 ,10650 
贵州,57718 ,息烽,2706 ,10643 
贵州,57719 ,开阳,2704 ,10658 
贵州,57722 ,湄潭,2746 ,10728 
贵州,57723 ,凤冈,2759 ,10743 
贵州,57728 ,瓮安,2704 ,10728 
贵州,57729 ,余庆,2714 ,10753 
贵州,57731 ,思南,2757 ,10815 
贵州,57732 ,印江,2801 ,10824 
贵州,57734 ,石阡,2734 ,10814 
贵州,57735 ,岑巩,2711 ,10849 
贵州,57736 ,江口,2742 ,10851 
贵州,57737 ,施秉,2702 ,10807 
贵州,57738 ,镇远,2703 ,10825 
贵州,57739 ,玉屏,2714 ,10855 
贵州,57741 ,铜仁,2743 ,10911 
贵州,57742 ,万山,2731 ,10912 
贵州,57800 ,纳雍,2646 ,10522 
贵州,57803 ,黔西,2702 ,10601 
贵州,57805 ,织金,2641 ,10546 
贵州,57806 ,安顺,2615 ,10554 
贵州,57807 ,六枝,2612 ,10528 
贵州,57808 ,普定,2619 ,10545 
贵州,57809 ,镇宁,2604 ,10545 
贵州,57811 ,修文,2650 ,10636 
贵州,57814 ,平坝,2625 ,10616 
贵州,57816 ,贵阳,2635 ,10644 
贵州,57821 ,福泉,2642 ,10730 
贵州,57822 ,黄平,2654 ,10754 
贵州,57824 ,贵定,2635 ,10714 
贵州,57825 ,凯里,2636 ,10759 
贵州,57827 ,都匀,2619 ,10732 
贵州,57828 ,麻江,2630 ,10735 
贵州,57829 ,丹寨,2612 ,10748 
贵州,57832 ,三穗,2658 ,10840 
贵州,57834 ,台江,2641 ,10818 
贵州,57835 ,剑河,2643 ,10826 
贵州,57837 ,雷山,2624 ,10804 
贵州,57839 ,黎平,2614 ,10909 
贵州,57840 ,天柱,2654 ,10912 
贵州,57844 ,锦屏,2641 ,10911 
贵州,57900 ,晴隆,2550 ,10513 
贵州,57902 ,兴仁,2526 ,10511 
贵州,57903 ,关岭,2556 ,10536 
贵州,57905 ,贞丰,2524 ,10538 
贵州,57906 ,望谟,2511 ,10605 
贵州,57907 ,兴义,2505 ,10454 
贵州,57908 ,安龙,2507 ,10529 
贵州,57909 ,册亨,2459 ,10549 
贵州,57910 ,紫云,2546 ,10605 
贵州,57911 ,白云,2640 ,10639 
贵州,57912 ,惠水,2608 ,10638 
贵州,57913 ,龙里,2627 ,10659 
贵州,57914 ,花溪,2625 ,10640 
贵州,57915 ,乌当,2638 ,10646 
贵州,57916 ,罗甸,2526 ,10646 
贵州,57921 ,平塘,2550 ,10719 
贵州,57922 ,独山,2550 ,10733 
贵州,57923 ,三都,2559 ,10752 
贵州,57926 ,荔波,2525 ,10753 
贵州,57932 ,榕江,2558 ,10832 
贵州,57936 ,从江,2545 ,10855 
海南,59757 ,琼山,2000 ,11022 
海南,59758 ,海口,2000 ,11015 
海南,59838 ,东方,1906 ,10837 
海南,59842 ,临高,1954 ,10941 
海南,59843 ,澄迈,1944 ,11000 
海南,59845 ,儋州,1931 ,10935 
海南,59847 ,昌江,1916 ,10903 
海南,59848 ,白沙,1914 ,10926 
海南,59849 ,琼中,1902 ,10950 
海南,59851 ,定安,1940 ,11020 
海南,59854 ,屯昌,1922 ,11006 
海南,59855 ,琼海,1914 ,11028 
海南,59856 ,文昌,1937 ,11045 
海南,59941 ,五指山,1846 ,10931 
海南,59945 ,保亭,1839 ,10942 
海南,59951 ,万宁,1848 ,11020 
河北,53392 ,康保,4151 ,11436 
河北,53397 ,尚义,4106 ,11359 
河北,53399 ,张北,4109 ,11442 
河北,53491 ,怀安,4040 ,11423 
河北,53492 ,阳原,4006 ,11409 
河北,53498 ,宣化,4034 ,11502 
河北,53499 ,万全,4046 ,11444 
河北,53593 ,蔚县,3950 ,11434 
河北,53596 ,顺平,3851 ,11508 
河北,53599 ,涞源,3922 ,11441 
河北,53680 ,灵寿,3818 ,11423 
河北,53682 ,曲阳,3838 ,11441 
河北,53688 ,行唐,3825 ,11433 
河北,53689 ,晋州,3801 ,11504 
河北,53690 ,阜平,3851 ,11411 
河北,53691 ,正定,3809 ,11434 
河北,53692 ,唐县,3844 ,11459 
河北,53693 ,井陉,3802 ,11408 
河北,53694 ,平山,3816 ,11413 
河北,53695 ,新乐,3821 ,11441 
河北,53696 ,定州,3833 ,11501 
河北,53697 ,藁城,3802 ,11450 
河北,53699 ,无极,3811 ,11457 
河北,53773 ,临漳,3620 ,11437 
河北,53781 ,沙河,3652 ,11428 
河北,53784 ,赵县,3745 ,11447 
河北,53785 ,柏乡,3731 ,11440 
河北,53789 ,栾城,3753 ,11438 
河北,53790 ,高邑,3738 ,11436 
河北,53791 ,元氏,3746 ,11431 
河北,53792 ,临城,3727 ,11429 
河北,53794 ,隆尧,3721 ,11445 
河北,53795 ,赞皇,3739 ,11422 
河北,53796 ,宁晋,3737 ,11453 
河北,53797 ,内邱,3717 ,11431 
河北,53798 ,邢台,3704 ,11430 
河北,53799 ,巨鹿,3714 ,11459 
河北,53883 ,任县,3708 ,11442 
河北,53886 ,涉县,3634 ,11340 
河北,53890 ,武安,3640 ,11406 
河北,53891 ,南和,3701 ,11441 
河北,53892 ,邯郸,3637 ,11428 
河北,53893 ,曲周,3646 ,11457 
河北,53894 ,峰峰,3624 ,11412 
河北,53895 ,永年,3647 ,11430 
河北,53896 ,魏县,3621 ,11457 
河北,53897 ,磁县,3623 ,11423 
河北,53899 ,广平,3629 ,11458 
河北,53980 ,肥乡,3633 ,11448 
河北,53996 ,成安,3627 ,11439 
河北,54301 ,沽源,4140 ,11540 
河北,54304 ,崇礼,4057 ,11516 
河北,54308 ,丰宁,4112 ,11638 
河北,54311 ,围场,4158 ,11746 
河北,54318 ,隆化,4119 ,11744 
河北,54319 ,平泉,4100 ,11840 
河北,54401 ,张家口,4046 ,11455 
河北,54404 ,赤城,4053 ,11550 
河北,54405 ,怀来,4025 ,11530 
河北,54408 ,涿鹿,4023 ,11513 
河北,54420 ,滦平,4056 ,11720 
河北,54423 ,承德,4058 ,11755 
河北,54425 ,兴隆,4024 ,11728 
河北,54429 ,遵化,4012 ,11757 
河北,54430 ,承德县,4046 ,11809 
河北,54432 ,宽城,4036 ,11829 
河北,54434 ,迁西,4010 ,11820 
河北,54436 ,青龙,4025 ,11857 
河北,54437 ,滦南,3930 ,11837 
河北,54438 ,卢龙,3953 ,11853 
河北,54439 ,迁安,4001 ,11843 
河北,54449 ,秦皇岛,3951 ,11931 
河北,54502 ,涿州,3929 ,11602 
河北,54503 ,容城,3904 ,11549 
河北,54506 ,高碑店,3919 ,11557 
河北,54507 ,易县,3920 ,11531 
河北,54510 ,大厂,3955 ,11657 
河北,54512 ,固安,3925 ,11617 
河北,54515 ,廊坊,3930 ,11642 
河北,54518 ,霸州,3910 ,11624 
河北,54519 ,永清,3918 ,11629 
河北,54520 ,三河,3958 ,11705 
河北,54521 ,香河,3946 ,11659 
河北,54522 ,玉田,3953 ,11744 
河北,54531 ,滦县,3944 ,11843 
河北,54532 ,丰润,3948 ,11805 
河北,54533 ,丰南,3935 ,11806 
河北,54534 ,唐山,3939 ,11806 
河北,54535 ,曹妃甸,3917 ,11828 
河北,54539 ,乐亭,3926 ,11853 
河北,54540 ,昌黎 ,3944 ,11912 
河北,54541 ,抚宁,3954 ,11914 
河北,54601 ,徐水,3859 ,11539 
河北,54602 ,保定,3844 ,11529 
河北,54603 ,高阳,3843 ,11546 
河北,54604 ,安国,3825 ,11520 
河北,54605 ,安新,3856 ,11556 
河北,54606 ,饶阳,3814 ,11544 
河北,54607 ,望都,3843 ,11507 
河北,54608 ,深州,3800 ,11533 
河北,54609 ,安平,3814 ,11535 
河北,54610 ,任丘,3844 ,11606 
河北,54611 ,满城,3856 ,11519 
河北,54612 ,文安,3851 ,11627 
河北,54613 ,大城,3842 ,11637 
河北,54614 ,河间,3825 ,11603 
河北,54615 ,青县,3835 ,11651 
河北,54616 ,沧州,3821 ,11651 
河北,54617 ,献县,3811 ,11607 
河北,54618 ,泊头,3805 ,11633 
河北,54620 ,蠡县,3829 ,11534 
河北,54621 ,深泽,3811 ,11511 
河北,54624 ,黄骅,3824 ,11719 
河北,54626 ,肃宁,3825 ,11549 
河北,54627 ,盐山,3802 ,11714 
河北,54628 ,海兴,3809 ,11729 
河北,54631 ,广宗,3704 ,11509 
河北,54632 ,平乡,3704 ,11502 
河北,54633 ,新河,3731 ,11514 
河北,54636 ,雄县,3901 ,11606 
河北,54640 ,鸡泽,3655 ,11452 
河北,54644 ,孟村,3803 ,11707 
河北,54700 ,武强,3802 ,11556 
河北,54701 ,辛集,3756 ,11512 
河北,54702 ,衡水,3744 ,11542 
河北,54703 ,武邑,3748 ,11553 
河北,54704 ,冀州,3731 ,11534 
河北,54705 ,南宫,3722 ,11523 
河北,54706 ,清河,3705 ,11540 
河北,54707 ,故城,3721 ,11559 
河北,54708 ,枣强,3730 ,11544 
河北,54710 ,阜城,3752 ,11610 
河北,54711 ,景县,3742 ,11617 
河北,54713 ,东光,3753 ,11632 
河北,54717 ,吴桥,3738 ,11624 
河北,54719 ,南皮,3802 ,11641 
河北,54800 ,威县,3700 ,11515 
河北,54801 ,临西,3651 ,11529 
河北,54804 ,大名,3618 ,11508 
河北,54809 ,馆陶,3633 ,11517 
河北,54820 ,邱县,3649 ,11510 
河南,53889 ,林州,3604 ,11349 
河南,53898 ,安阳,3603 ,11408 
河南,53972 ,沁阳,3503 ,11254 
河南,53974 ,淇县,3537 ,11414 
河南,53978 ,济源,3505 ,11238 
河南,53979 ,博爱,3509 ,11305 
河南,53982 ,焦作,3514 ,11316 
河南,53983 ,封丘,3502 ,11425 
河南,53984 ,修武,3514 ,11328 
河南,53985 ,辉县,3530 ,11349 
河南,53986 ,新乡,3519 ,11353 
河南,53987 ,武陟,3506 ,11321 
河南,53989 ,原阳,3505 ,11359 
河南,53988 ,获嘉,3516 ,11340 
河南,53991 ,汤阴,3555 ,11420 
河南,53992 ,浚县,3539 ,11431 
河南,53993 ,内黄,3556 ,11455 
河南,53994 ,卫辉,3523 ,11404 
河南,53995 ,滑县,3533 ,11430 
河南,53997 ,延津,3509 ,11411 
河南,53998 ,长垣,3512 ,11439 
河南,54817 ,台前,3559 ,11552 
河南,54900 ,濮阳,3542 ,11501 
河南,54901 ,南乐,3605 ,11510 
河南,54902 ,清丰,3554 ,11507 
河南,54903 ,范县,3551 ,11529 
河南,57051 ,三门峡,3448 ,11112 
河南,57056 ,灵宝,3432 ,11051 
河南,57063 ,渑池,3446 ,11146 
河南,57066 ,洛宁,3424 ,11140 
河南,57070 ,新安,3444 ,11207 
河南,57071 ,孟津,3449 ,11226 
河南,57072 ,孟州,3455 ,11245 
河南,57074 ,伊川,3425 ,11224 
河南,57075 ,汝州,3410 ,11252 
河南,57076 ,偃师,3444 ,11247 
河南,57078 ,汝阳,3409 ,11228 
河南,57079 ,温县,3457 ,11302 
河南,57080 ,巩义,3444 ,11258 
河南,57081 ,荥阳,3448 ,11326 
河南,57082 ,登封,3428 ,11301 
河南,57083 ,郑州,3443 ,11339 
河南,57084 ,嵩山,3430 ,11303 
河南,57085 ,新密,3432 ,11320 
河南,57086 ,新郑,3423 ,11343 
河南,57087 ,长葛,3416 ,11344 
河南,57088 ,禹州,3409 ,11330 
河南,57089 ,许昌,3404 ,11356 
河南,57090 ,中牟,3443 ,11358 
河南,57091 ,开封,3447 ,11418 
河南,57093 ,兰考,3451 ,11449 
河南,57094 ,尉氏,3424 ,11413 
河南,57095 ,鄢陵,3407 ,11409 
河南,57096 ,杞县,3432 ,11447 
河南,57098 ,扶沟,3405 ,11424 
河南,57099 ,太康,3404 ,11451 
河南,57156 ,西峡,3318 ,11130 
河南,57162 ,嵩县,3408 ,11204 
河南,57169 ,内乡,3303 ,11152 
河南,57173 ,鲁山,3345 ,11253 
河南,57175 ,镇平,3303 ,11214 
河南,57176 ,南召,3329 ,11225 
河南,57177 ,舞钢,3320 ,11332 
河南,57178 ,南阳,3306 ,11229 
河南,57179 ,方城,3317 ,11300 
河南,57180 ,郏县,3359 ,11312 
河南,57181 ,宝丰,3353 ,11303 
河南,57182 ,襄城,3351 ,11331 
河南,57183 ,临颍,3348 ,11355 
河南,57184 ,叶县,3338 ,11318 
河南,57185 ,舞阳,3327 ,11335 
河南,57186 ,漯河,3336 ,11403 
河南,57187 ,社旗,3304 ,11256 
河南,57188 ,西平,3322 ,11402 
河南,57189 ,遂平,3308 ,11357 
河南,57190 ,泛区农试,3345 ,11424 
河南,57191 ,通许,3429 ,11429 
河南,57192 ,淮阳,3344 ,11451 
河南,57193 ,西华,3347 ,11431 
河南,57194 ,上蔡,3317 ,11416 
河南,57195 ,川汇区,3337 ,11437 
河南,57196 ,项城,3328 ,11452 
河南,57197 ,汝南,3258 ,11421 
河南,57198 ,商水,3330 ,11434 
河南,57261 ,淅川,3307 ,11131 
河南,57271 ,新野,3231 ,11223 
河南,57273 ,唐河,3241 ,11251 
河南,57274 ,邓州,3242 ,11207 
河南,57281 ,泌阳,3242 ,11318 
河南,57285 ,桐柏,3223 ,11325 
河南,57290 ,驻马店,3256 ,11355 
河南,57292 ,平舆,3258 ,11438 
河南,57293 ,新蔡,3244 ,11459 
河南,57294 ,确山,3250 ,11401 
河南,57295 ,正阳,3237 ,11421 
河南,57296 ,息县,3221 ,11444 
河南,57297 ,信阳,3208 ,11403 
河南,57298 ,罗山,3213 ,11433 
河南,57299 ,光山,3201 ,11454 
河南,57390 ,鸡公山,3148 ,11404 
河南,57396 ,新县,3138 ,11451 
河南,58001 ,睢县,3426 ,11506 
河南,58004 ,民权,3439 ,11509 
河南,58005 ,商丘,3427 ,11540 
河南,58006 ,虞城,3423 ,11553 
河南,58007 ,柘城,3404 ,11518 
河南,58008 ,宁陵,3428 ,11520 
河南,58017 ,夏邑,3415 ,11608 
河南,58100 ,郸城,3339 ,11510 
河南,58101 ,鹿邑,3352 ,11529 
河南,58104 ,沈丘,3324 ,11504 
河南,58111 ,永城,3358 ,11627 
河南,58205 ,淮滨,3228 ,11526 
河南,58207 ,潢川,3210 ,11503 
河南,58208 ,固始,3210 ,11537 
河南,58301 ,商城,3149 ,11523 
黑龙江,50136 ,漠河,5258 ,12231 
黑龙江,50137 ,北极村,5328 ,12222 
黑龙江,50246 ,塔河,5221 ,12443 
黑龙江,50247 ,呼中,5202 ,12334 
黑龙江,50349 ,新林,5140 ,12424 
黑龙江,50353 ,呼玛,5144 ,12638 
黑龙江,50442 ,加格达奇,5024 ,12407 
黑龙江,50468 ,爱辉,5015 ,12727 
黑龙江,50557 ,嫩江,4910 ,12514 
黑龙江,50564 ,孙吴,4926 ,12721 
黑龙江,50566 ,逊克,4933 ,12828 
黑龙江,50646 ,讷河,4829 ,12451 
黑龙江,50655 ,五大连池,4830 ,12611 
黑龙江,50656 ,北安,4815 ,12630 
黑龙江,50658 ,克山,4803 ,12553 
黑龙江,50659 ,克东,4802 ,12615 
黑龙江,50673 ,嘉荫,4853 ,13024 
黑龙江,50674 ,乌伊岭,4834 ,12926 
黑龙江,50739 ,龙江,4720 ,12311 
黑龙江,50741 ,甘南,4756 ,12330 
黑龙江,50742 ,富裕,4748 ,12429 
黑龙江,50745 ,齐齐哈尔,4723 ,12355 
黑龙江,50749 ,林甸,4711 ,12450 
黑龙江,50750 ,依安,4754 ,12518 
黑龙江,50755 ,拜泉,4736 ,12606 
黑龙江,50756 ,海伦,4727 ,12658 
黑龙江,50758 ,明水,4711 ,12554 
黑龙江,50767 ,绥棱,4714 ,12706 
黑龙江,50772 ,五营,4806 ,12914 
黑龙江,50774 ,伊春,4742 ,12850 
黑龙江,50775 ,鹤岗,4720 ,13012 
黑龙江,50776 ,萝北,4734 ,13050 
黑龙江,50778 ,同江,4740 ,13232 
黑龙江,50779 ,抚远,4822 ,13417 
黑龙江,50787 ,绥滨,4719 ,13150 
黑龙江,50788 ,富锦,4714 ,13159 
黑龙江,50842 ,杜蒙,4650 ,12425 
黑龙江,50844 ,泰来,4624 ,12327 
黑龙江,50850 ,大庆,4634 ,12508 
黑龙江,50851 ,青冈,4641 ,12605 
黑龙江,50852 ,望奎,4650 ,12627 
黑龙江,50853 ,北林,4637 ,12658 
黑龙江,50854 ,安达,4623 ,12519 
黑龙江,50858 ,肇东,4604 ,12556 
黑龙江,50859 ,兰西,4617 ,12617 
黑龙江,50861 ,庆安,4653 ,12729 
黑龙江,50862 ,铁力,4659 ,12759 
黑龙江,50867 ,巴彦,4605 ,12721 
黑龙江,50871 ,汤原,4644 ,12953 
黑龙江,50873 ,佳木斯,4647 ,13018 
黑龙江,50877 ,依兰,4618 ,12935 
黑龙江,50878 ,桦川,4700 ,13043 
黑龙江,50879 ,桦南,4613 ,13033 
黑龙江,50880 ,集贤,4644 ,13107 
黑龙江,50884 ,双鸭山,4638 ,13109 
黑龙江,50888 ,宝清,4619 ,13211 
黑龙江,50892 ,饶河,4648 ,13400 
黑龙江,50950 ,肇州,4542 ,12515 
黑龙江,50953 ,哈尔滨,4556 ,12634 
黑龙江,50954 ,肇源,4530 ,12505 
黑龙江,50956 ,呼兰,4605 ,12646 
黑龙江,50958 ,阿城,4532 ,12656 
黑龙江,50960 ,宾县,4544 ,12723 
黑龙江,50962 ,木兰,4557 ,12802 
黑龙江,50963 ,通河,4558 ,12844 
黑龙江,50964 ,方正,4550 ,12848 
黑龙江,50965 ,延寿,4526 ,12816 
黑龙江,50968 ,尚志,4513 ,12758 
黑龙江,50971 ,七台河,4546 ,13101 
黑龙江,50973 ,勃利,4545 ,13036 
黑龙江,50978 ,鸡西,4518 ,13055 
黑龙江,50979 ,林口,4516 ,13014 
黑龙江,50983 ,虎林,4546 ,13258 
黑龙江,50985 ,密山,4533 ,13152 
黑龙江,50987 ,鸡东,4516 ,13106 
黑龙江,54080 ,五常,4454 ,12709 
黑龙江,54092 ,海林,4436 ,12924 
黑龙江,54093 ,穆棱,4456 ,13033 
黑龙江,54094 ,牡丹江,4430 ,12940 
黑龙江,54096 ,绥芬河,4423 ,13110 
黑龙江,54098 ,宁安,4420 ,12928 
黑龙江,54099 ,东宁,4405 ,13108 
湖北,57249 ,竹溪,3219 ,10941 
湖北,57251 ,郧西,3300 ,11025 
湖北,57253 ,郧县,3251 ,11049 
湖北,57256 ,十堰,3239 ,11047 
湖北,57257 ,竹山,3214 ,11014 
湖北,57259 ,房县,3203 ,11045 
湖北,57260 ,丹江口,3234 ,11131 
湖北,57265 ,老河口,3226 ,11144 
湖北,57268 ,谷城,3216 ,11137 
湖北,57278 ,襄阳,3200 ,11205 
湖北,57279 ,枣阳,3209 ,11245 
湖北,57355 ,巴东,3102 ,11022 
湖北,57359 ,兴山,3121 ,11044 
湖北,57361 ,保康,3153 ,11116 
湖北,57362 ,神农架,3145 ,11040 
湖北,57363 ,南漳,3148 ,11150 
湖北,57370 ,宜城,3144 ,11213 
湖北,57377 ,荆门,3100 ,11213 
湖北,57378 ,钟祥,3110 ,11234 
湖北,57381 ,随州,3137 ,11320 
湖北,57386 ,孝昌,3115 ,11400 
湖北,57387 ,京山,3100 ,11308 
湖北,57388 ,安陆,3116 ,11342 
湖北,57389 ,云梦,3102 ,11345 
湖北,57395 ,大悟,3134 ,11407 
湖北,57398 ,红安,3117 ,11437 
湖北,57399 ,麻城,3108 ,11457 
湖北,57439 ,利川,3017 ,10856 
湖北,57445 ,建始,3036 ,10943 
湖北,57447 ,恩施,3017 ,10928 
湖北,57453 ,夷陵区,3046 ,11119 
湖北,57458 ,五峰,3012 ,11040 
湖北,57461 ,宜昌,3044 ,11122 
湖北,57464 ,长阳,3028 ,11111 
湖北,57465 ,宜都,3023 ,11127 
湖北,57469 ,松滋,3011 ,11146 
湖北,57475 ,潜江,3024 ,11254 
湖北,57476 ,荆州,3021 ,11209 
湖北,57477 ,公安,3004 ,11213 
湖北,57481 ,应城,3057 ,11334 
湖北,57482 ,孝感,3054 ,11357 
湖北,57483 ,天门,3040 ,11308 
湖北,57484 ,沙洋,3044 ,11233 
湖北,57485 ,仙桃,3018 ,11329 
湖北,57486 ,汉川,3039 ,11351 
湖北,57489 ,蔡甸,3035 ,11400 
湖北,57492 ,新洲,3050 ,11450 
湖北,57494 ,武汉,3036 ,11403 
湖北,57495 ,团风,3040 ,11453 
湖北,57496 ,鄂州,3022 ,11452 
湖北,57498 ,黄冈,3026 ,11454 
湖北,57499 ,大冶,3004 ,11453 
湖北,57540 ,咸丰,2941 ,10909 
湖北,57541 ,宣恩,3000 ,10929 
湖北,57543 ,鹤峰,2954 ,11002 
湖北,57545 ,来凤,2932 ,10925 
湖北,57571 ,石首,2942 ,11224 
湖北,57573 ,监利,2950 ,11254 
湖北,57581 ,洪湖,2949 ,11327 
湖北,57582 ,赤壁,2943 ,11353 
湖北,57583 ,嘉鱼,2955 ,11358 
湖北,57586 ,崇阳,2932 ,11402 
湖北,57589 ,通城,2916 ,11353 
湖北,57590 ,咸宁,2951 ,11422 
湖北,57596 ,金沙,2938 ,11412 
湖北,58401 ,罗田,3045 ,11524 
湖北,58402 ,英山,3044 ,11540 
湖北,58404 ,浠水,3028 ,11513 
湖北,58408 ,蕲春,3014 ,11526 
湖北,58409 ,黄梅,3006 ,11556 
湖北,58500 ,阳新,2951 ,11512 
湖北,58501 ,武穴,2955 ,11538 
湖南,57544 ,龙山,2928 ,10927 
湖南,57554 ,桑植,2924 ,11010 
湖南,57558 ,张家界,2908 ,11028 
湖南,57562 ,石门,2935 ,11122 
湖南,57564 ,慈利,2926 ,11108 
湖南,57565 ,澧县,2940 ,11144 
湖南,57566 ,临澧,2927 ,11139 
湖南,57574 ,南县,2922 ,11224 
湖南,57575 ,华容,2931 ,11234 
湖南,57577 ,安乡,2924 ,11210 
湖南,57584 ,岳阳,2923 ,11305 
湖南,57585 ,临湘,2929 ,11327 
湖南,57640 ,花垣,2835 ,10927 
湖南,57642 ,保靖,2842 ,10938 
湖南,57643 ,永顺,2900 ,10950 
湖南,57646 ,古丈,2837 ,10957 
湖南,57649 ,吉首,2814 ,10941 
湖南,57655 ,沅陵,2828 ,11024 
湖南,57657 ,泸溪,2813 ,11012 
湖南,57658 ,辰溪,2801 ,11012 
湖南,57661 ,桃源,2855 ,11129 
湖南,57662 ,常德,2907 ,11141 
湖南,57663 ,汉寿,2855 ,11157 
湖南,57666 ,桃江,2831 ,11208 
湖南,57669 ,安化,2823 ,11113 
湖南,57671 ,沅江,2851 ,11222 
湖南,57673 ,湘阴,2841 ,11253 
湖南,57674 ,赫山,2834 ,11223 
湖南,57678 ,宁乡,2815 ,11233 
湖南,57679 ,马坡岭,2807 ,11247 
湖南,57680 ,汨罗,2848 ,11304 
湖南,57682 ,平江,2843 ,11334 
湖南,57687 ,长沙,2813 ,11255 
湖南,57688 ,浏阳,2809 ,11338 
湖南,57740 ,凤凰,2757 ,10936 
湖南,57743 ,麻阳,2753 ,10948 
湖南,57744 ,新晃,2722 ,10910 
湖南,57745 ,芷江,2727 ,10941 
湖南,57752 ,溆浦,2755 ,11036 
湖南,57754 ,洪江,2721 ,11009 
湖南,57760 ,冷水江,2742 ,11126 
湖南,57761 ,新化,2745 ,11118 
湖南,57762 ,涟源,2741 ,11142 
湖南,57763 ,娄底,2741 ,11200 
湖南,57771 ,韶山,2756 ,11232 
湖南,57772 ,湘乡,2745 ,11230 
湖南,57773 ,湘潭,2752 ,11249 
湖南,57774 ,双峰,2727 ,11210 
湖南,57776 ,南岳,2718 ,11242 
湖南,57777 ,衡山,2714 ,11252 
湖南,57778 ,衡东,2706 ,11257 
湖南,57779 ,攸县,2700 ,11321 
湖南,57780 ,株洲,2752 ,11310 
湖南,57781 ,醴陵,2739 ,11330 
湖南,57845 ,通道,2610 ,10947 
湖南,57865 ,冷水滩,2628 ,11135 
湖南,57866 ,永州,2614 ,11137 
湖南,57867 ,东安,2624 ,11117 
湖南,57868 ,祁阳,2636 ,11152 
湖南,57870 ,祁东,2648 ,11206 
湖南,57871 ,衡阳县,2659 ,11222 
湖南,57872 ,衡阳,2654 ,11236 
湖南,57874 ,常宁,2625 ,11224 
湖南,57875 ,衡南,2645 ,11241 
湖南,57876 ,耒阳,2626 ,11250 
湖南,57881 ,安仁,2643 ,11315 
湖南,57882 ,茶陵,2647 ,11333 
湖南,57886 ,炎陵,2629 ,11348 
湖南,57887 ,永兴,2607 ,11307 
湖南,57889 ,桂东,2605 ,11357 
湖南,57962 ,双牌,2558 ,11139 
湖南,57965 ,道县,2532 ,11136 
湖南,57966 ,宁远,2536 ,11158 
湖南,57969 ,江永,2516 ,11120 
湖南,57971 ,新田,2555 ,11212 
湖南,57972 ,郴州,2548 ,11302 
湖南,57973 ,桂阳,2545 ,11243 
湖南,57974 ,嘉禾,2535 ,11222 
湖南,57975 ,蓝山,2523 ,11212 
湖南,57976 ,宜章,2525 ,11257 
湖南,57978 ,临武,2517 ,11233 
湖南,57981 ,资兴,2559 ,11313 
湖南,57985 ,汝城,2534 ,11341 
湖南,59063 ,江华,2511 ,11127 
吉林,50936 ,白城,4538 ,12250 
吉林,50939 ,洮南,4520 ,12249 
吉林,50940 ,镇赉,4551 ,12310 
吉林,50945 ,大安,4530 ,12416 
吉林,50946 ,松原,4511 ,12450 
吉林,50948 ,乾安,4500 ,12401 
吉林,50949 ,前郭,4505 ,12452 
吉林,54041 ,通榆,4448 ,12304 
吉林,54049 ,长岭,4415 ,12358 
吉林,54063 ,扶余,4458 ,12600 
吉林,54064 ,农安,4423 ,12509 
吉林,54065 ,德惠,4432 ,12539 
吉林,54069 ,九台,4410 ,12548 
吉林,54072 ,榆树,4451 ,12631 
吉林,54076 ,舒兰,4423 ,12656 
吉林,54142 ,双辽,4330 ,12332 
吉林,54154 ,梨树,4321 ,12418 
吉林,54155 ,孤家子,4340 ,12414 
吉林,54157 ,四平,4310 ,12420 
吉林,54161 ,长春,4354 ,12513 
吉林,54164 ,伊通,4321 ,12517 
吉林,54165 ,双阳,4333 ,12538 
吉林,54169 ,烟筒山,4318 ,12601 
吉林,54171 ,永吉,4342 ,12631 
吉林,54172 ,吉林城郊,4352 ,12632 
吉林,54181 ,蛟河,4342 ,12720 
吉林,54186 ,敦化,4322 ,12812 
吉林,54187 ,安图,4307 ,12855 
吉林,54192 ,罗子沟,4342 ,13016 
吉林,54195 ,汪清,4318 ,12947 
吉林,54260 ,辽源,4255 ,12505 
吉林,54261 ,东丰,4240 ,12528 
吉林,54263 ,磐石,4258 ,12603 
吉林,54266 ,梅河口,4232 ,12538 
吉林,54267 ,柳河,4215 ,12544 
吉林,54273 ,桦甸,4259 ,12645 
吉林,54274 ,辉南,4241 ,12559 
吉林,54276 ,靖宇,4224 ,12648 
吉林,54279 ,江源,4203 ,12635 
吉林,54284 ,东岗,4209 ,12730 
吉林,54285 ,二道,4225 ,12807 
吉林,54286 ,和龙 ,4232 ,12900 
吉林,54290 ,龙井,4246 ,12924 
吉林,54291 ,珲春,4254 ,13017 
吉林,54292 ,延吉,4252 ,12930 
吉林,54293 ,图们,4257 ,12950 
吉林,54362 ,通化县,4140 ,12544 
吉林,54363 ,通化 ,4141 ,12554 
吉林,54371 ,白山,4156 ,12626 
吉林,54374 ,临江,4148 ,12653 
吉林,54377 ,集安,4109 ,12613 
吉林,54386 ,长白,4125 ,12811 
江苏,58012 ,丰县,3441 ,11635 
江苏,58013 ,沛县,3445 ,11654 
江苏,58026 ,邳州,3424 ,11801 
江苏,58027 ,徐州,3417 ,11709 
江苏,58035 ,新沂,3420 ,11821 
江苏,58036 ,东海,3433 ,11843 
江苏,58038 ,沭阳,3405 ,11847 
江苏,58040 ,赣榆,3451 ,11908 
江苏,58041 ,西连岛,3447 ,11926 
江苏,58044 ,连云港,3432 ,11914 
江苏,58045 ,响水,3412 ,11936 
江苏,58047 ,灌云,3415 ,11914 
江苏,58048 ,灌南,3407 ,11921 
江苏,58049 ,滨海,3401 ,11948 
江苏,58130 ,睢宁,3356 ,11757 
江苏,58131 ,宿豫,3358 ,11813 
江苏,58132 ,泗阳,3343 ,11841 
江苏,58135 ,泗洪,3329 ,11813 
江苏,58138 ,盱眙,3259 ,11831 
江苏,58139 ,洪泽,3318 ,11855 
江苏,58140 ,涟水,3346 ,11918 
江苏,58141 ,淮安,3338 ,11856 
江苏,58143 ,阜宁,3348 ,11951 
江苏,58145 ,楚州,3330 ,11909 
江苏,58146 ,建湖,3328 ,11946 
江苏,58147 ,金湖,3259 ,11858 
江苏,58148 ,宝应,3314 ,11918 
江苏,58150 ,射阳,3345 ,12018 
江苏,58154 ,盐城,3326 ,12012 
江苏,58158 ,大丰,3312 ,12029 
江苏,58235 ,六合,3222 ,11851 
江苏,58237 ,浦口,3204 ,11835 
江苏,58238 ,南京,3156 ,11854 
江苏,58241 ,高邮,3248 ,11927 
江苏,58242 ,仪征,3218 ,11910 
江苏,58243 ,兴化,3257 ,11949 
江苏,58244 ,江都,3227 ,11935 
江苏,58245 ,扬州,3225 ,11925 
江苏,58246 ,泰州,3233 ,12000 
江苏,58247 ,扬中,3216 ,11948 
江苏,58249 ,泰兴,3210 ,12000 
江苏,58250 ,姜堰,3231 ,12009 
江苏,58251 ,东台,3251 ,12017 
江苏,58252 ,丹徒,3211 ,11928 
江苏,58254 ,海安,3231 ,12027 
江苏,58255 ,如皋,3222 ,12034 
江苏,58257 ,靖江,3159 ,12015 
江苏,58259 ,南通,3205 ,12059 
江苏,58264 ,如东,3220 ,12111 
江苏,58265 ,吕泗,3204 ,12136 
江苏,58268 ,通州,3206 ,12105 
江苏,58269 ,启东,3147 ,12139 
江苏,58339 ,高淳,3120 ,11854 
江苏,58340 ,溧水,3139 ,11902 
江苏,58341 ,丹阳,3159 ,11936 
江苏,58342 ,金坛,3143 ,11933 
江苏,58344 ,句容,3158 ,11912 
江苏,58345 ,溧阳,3126 ,11929 
江苏,58346 ,宜兴,3120 ,11949 
江苏,58349 ,苏州,3125 ,12034 
江苏,58351 ,江阴,3154 ,12018 
江苏,58352 ,常熟,3139 ,12046 
江苏,58353 ,张家港,3152 ,12034 
江苏,58354 ,无锡,3137 ,12021 
江苏,58356 ,昆山,3124 ,12100 
江苏,58358 ,东山,3104 ,12026 
江苏,58359 ,吴江,3108 ,12037 
江苏,58360 ,海门,3155 ,12112 
江苏,58377 ,太仓,3131 ,12106 
江西,57598 ,修水,2902 ,11435 
江西,57694 ,铜鼓,2832 ,11423 
江西,57696 ,宜丰,2824 ,11447 
江西,57698 ,万载,2807 ,11427 
江西,57699 ,上高,2814 ,11455 
江西,57786 , 萍乡,2738 ,11351 
江西,57789 , 莲花,2708 ,11357 
江西,57792 , 分宜,2749 ,11441 
江西,57793 ,宜春,2748 ,11423 
江西,57796 ,新余,2750 ,11453 
江西,57798 , 安福,2724 ,11436 
江西,57799 , 吉安县,2703 ,11455 
江西,57883 ,夏坪,2645 ,11417 
江西,57891 , 永新,2656 ,11415 
江西,57894 ,井冈山,2635 ,11410 
江西,57895 , 万安,2628 ,11447 
江西,57896 ,遂川,2620 ,11430 
江西,57899 , 泰和,2648 ,11455 
江西,57990 , 崇义,2542 ,11418 
江西,57991 , 上犹,2548 ,11433 
江西,57992 , 南康,2540 ,11445 
江西,57993 ,赣县,2552 ,11500 
江西,57994 , 大余,2524 ,11421 
江西,57995 , 信丰,2524 ,11456 
江西,58502 ,九江,2944 ,11600 
江西,58503 , 瑞昌,2942 ,11540 
江西,58506 ,庐山,2935 ,11559 
江西,58507 , 武宁,2915 ,11507 
江西,58508 , 德安,2920 ,11546 
江西,58509 , 永修,2903 ,11549 
江西,58510 , 湖口,2944 ,11614 
江西,58512 , 彭泽,2954 ,11633 
江西,58514 , 星子,2927 ,11603 
江西,58517 , 都昌,2916 ,11612 
江西,58519 ,波阳,2900 ,11641 
江西,58527 ,景德镇,2918 ,11712 
江西,58529 , 婺源,2916 ,11751 
江西,58600 , 靖安,2852 ,11522 
江西,58601 , 奉新,2842 ,11523 
江西,58602 , 安义,2851 ,11533 
江西,58605 , 高安,2825 ,11523 
江西,58606 ,南昌,2836 ,11555 
江西,58607 , 南昌县,2833 ,11557 
江西,58608 ,樟树,2804 ,11533 
江西,58609 , 丰城,2813 ,11549 
江西,58612 , 余干,2842 ,11641 
江西,58614 , 进贤,2823 ,11616 
江西,58615 , 万年,2841 ,11705 
江西,58616 , 余江,2812 ,11649 
江西,58618 ,东乡,2816 ,11636 
江西,58619 ,临川,2800 ,11622 
江西,58620 , 乐平,2901 ,11706 
江西,58622 , 德兴,2857 ,11735 
江西,58623 , 上饶县,2828 ,11755 
江西,58624 , 弋阳,2824 ,11726 
江西,58625 , 横峰,2825 ,11736 
江西,58626 ,贵溪,2819 ,11715 
江西,58627 , 鹰潭,2815 ,11702 
江西,58629 ,铅山,2817 ,11742 
江西,58634 ,玉山,2841 ,11815 
江西,58635 , 广丰,2826 ,11812 
江西,58637 , 上饶,2827 ,11759 
江西,58693 , 新建,2842 ,11550 
江西,58701 , 新干,2746 ,11524 
江西,58704 , 峡江,2737 ,11521 
江西,58705 , 永丰,2720 ,11525 
江西,58706 , 乐安,2726 ,11550 
江西,58707 , 吉水,2713 ,11508 
江西,58710 , 崇仁,2746 ,11603 
江西,58712 , 金溪,2755 ,11647 
江西,58713 , 资溪,2743 ,11704 
江西,58714 , 宜黄,2733 ,11614 
江西,58715 ,南城,2735 ,11639 
江西,58718 , 南丰,2713 ,11632 
江西,58719 , 黎川,2718 ,11656 
江西,58804 , 兴国,2621 ,11521 
江西,58806 , 宁都,2629 ,11601 
江西,58813 ,广昌,2651 ,11620 
江西,58814 , 石城,2621 ,11621 
江西,58903 , 瑞金,2554 ,11602 
江西,58905 , 于都,2558 ,11525 
江西,58906 , 会昌,2536 ,11548 
江西,58907 , 安远,2509 ,11524 
江西,59091 ,全南,2445 ,11431 
江西,59092 , 龙南,2455 ,11449 
江西,59093 , 定南,2447 ,11502 
江西,59102 ,寻乌,2457 ,11539 
江西,58524 ,浮梁,2922 ,11713 
江西,57794 ,芦溪,2738 ,11401 
江西,57783 ,上栗,2753 ,11349 
江西,58505 ,九江县,2937 ,11554 
辽宁,54236 ,彰武,4223 ,12233 
辽宁,54243 ,昌图,4247 ,12407 
辽宁,54244 ,康平,4245 ,12320 
辽宁,54245 ,法库,4230 ,12324 
辽宁,54248 ,沈北新区,4202 ,12332 
辽宁,54249 ,铁岭,4218 ,12352 
辽宁,54252 ,西丰,4244 ,12445 
辽宁,54254 ,开原,4232 ,12403 
辽宁,54259 ,清原,4204 ,12452 
辽宁,54321 ,建平镇,4152 ,11938 
辽宁,54323 ,北票,4149 ,12047 
辽宁,54324 ,朝阳,4133 ,12026 
辽宁,54325 ,羊山,4111 ,12021 
辽宁,54326 ,建平县,4125 ,11937 
辽宁,54327 ,凌源,4114 ,11921 
辽宁,54328 ,喀左,4105 ,11943 
辽宁,54332 ,辽中,4131 ,12243 
辽宁,54333 ,新民,4158 ,12251 
辽宁,54336 ,台安,4125 ,12225 
辽宁,54338 ,盘山,4117 ,12157 
辽宁,54339 ,鞍山,4105 ,12300 
辽宁,54340 ,苏家屯,4140 ,12319 
辽宁,54342 ,沈阳,4144 ,12331 
辽宁,54345 ,辽阳县,4112 ,12304 
辽宁,54346 ,本溪,4119 ,12347 
辽宁,54347 ,辽阳,4114 ,12310 
辽宁,54348 ,灯塔,4125 ,12320 
辽宁,54351 ,抚顺,4155 ,12405 
辽宁,54353 ,新宾,4144 ,12503 
辽宁,54452 ,建昌,4048 ,11949 
辽宁,54453 ,连山区,4047 ,12053 
辽宁,54454 ,绥中,4020 ,12018 
辽宁,54455 ,兴城,4037 ,12039 
辽宁,54470 ,大洼,4101 ,12204 
辽宁,54471 ,营口,4039 ,12210 
辽宁,54474 ,盖州,4025 ,12221 
辽宁,54475 ,大石桥,4037 ,12229 
辽宁,54476 ,熊岳,4010 ,12209 
辽宁,54483 ,草河口,4053 ,12354 
辽宁,54486 ,岫岩,4017 ,12317 
辽宁,54493 ,宽甸,4043 ,12447 
辽宁,54494 ,凤城,4028 ,12404 
辽宁,54497 ,丹东,4003 ,12420 
辽宁,54563 ,瓦房店,3938 ,12201 
辽宁,54568 ,金州,3904 ,12145 
辽宁,54569 ,普兰店,3925 ,12157 
辽宁,54575 ,皮口,3925 ,12222 
辽宁,54579 ,长海,3916 ,12235 
辽宁,54584 ,庄河,3943 ,12257 
辽宁,54590 ,东港,3953 ,12410 
辽宁,54662 ,大连,3854 ,12138 
辽宁,54565 ,长兴岛,3936 ,12128 
内蒙古,50425 ,额尔古纳市,5015 ,12011 
内蒙古,50431 ,根河市,5047 ,12131 
内蒙古,50434 ,图里河,5029 ,12141 
内蒙古,50445 ,鄂伦春自治旗,5035 ,12344 
内蒙古,50514 ,满洲里,4935 ,11719 
内蒙古,50524 ,陈巴尔虎旗,4919 ,11926 
内蒙古,50525 ,鄂温克族自治旗,4909 ,11945 
内蒙古,50526 ,牙克石市,4917 ,12042 
内蒙古,50527 ,海拉尔,4915 ,11942 
内蒙古,50548 ,小二沟,4912 ,12343 
内蒙古,50603 ,新巴尔虎右旗,4840 ,11649 
内蒙古,50618 ,新巴尔虎左旗,4813 ,11816 
内蒙古,50639 ,扎兰屯,4800 ,12244 
内蒙古,50645 ,莫力达瓦达斡尔族自治旗,4829 ,12429 
内蒙古,50647 ,阿荣旗,4808 ,12329 
内蒙古,50727 ,阿尔山,4710 ,11956 
内蒙古,50834 ,索伦,4636 ,12113 
内蒙古,50913 ,乌拉盖,4543 ,11850 
内蒙古,50915 ,东乌珠穆沁,4531 ,11658 
内蒙古,50924 ,霍林郭勒,4532 ,11940 
内蒙古,50928 ,巴雅尔吐胡硕,4504 ,12020 
内蒙古,50934 ,突泉,4523 ,12135 
内蒙古,50937 ,尔沁右翼中,4504 ,12129 
内蒙古,53068 ,二连浩特,4338 ,11156 
内蒙古,53083 ,那仁宝力格,4437 ,11409 
内蒙古,53149 ,满都拉气象站,4232 ,11008 
内蒙古,53192 ,阿巴嘎旗,4401 ,11457 
内蒙古,53231 ,海力素,4124 ,10624 
内蒙古,53289 ,镶黄旗,4214 ,11350 
内蒙古,53336 ,乌拉特中旗,4134 ,10831 
内蒙古,53337 ,五原,4106 ,10816 
内蒙古,53348 ,大佘太,4101 ,10908 
内蒙古,53352 ,达茂旗气象局,4142 ,11026 
内蒙古,53357 ,固阳县气象局,4102 ,11003 
内蒙古,53362 ,四子王,4132 ,11141 
内蒙古,53367 ,希拉穆仁,4119 ,11114 
内蒙古,53368 ,武川县,4105 ,11128 
内蒙古,53378 ,察右中旗,4117 ,11237 
内蒙古,53384 ,察右后旗,4127 ,11311 
内蒙古,53385 ,商都,4136 ,11332 
内蒙古,53391 ,化德,4154 ,11400 
内蒙古,53419 ,磴口,4020 ,10700 
内蒙古,53420 ,杭锦后旗,4051 ,10707 
内蒙古,53433 ,乌拉特前旗,4044 ,10839 
内蒙古,53446 ,包头市,4032 ,10953 
内蒙古,53455 ,土右旗气象局,4033 ,11032 
内蒙古,53457 ,达拉特旗,4024 ,11002 
内蒙古,53463 ,呼和浩特,4051 ,11134 
内蒙古,53464 ,土默特左旗,4043 ,11110 
内蒙古,53466 ,呼和浩特郊区站,4045 ,11142 
内蒙古,53467 ,托克托县,4016 ,11111 
内蒙古,53469 ,和林格尔县,4024 ,11149 
内蒙古,53472 ,卓资,4052 ,11234 
内蒙古,53475 ,凉城,4031 ,11228 
内蒙古,53480 ,集宁,4102 ,11304 
内蒙古,53481 ,察右前旗,4048 ,11313 
内蒙古,53483 ,兴和,4052 ,11350 
内蒙古,53484 ,丰镇,4027 ,11309 
内蒙古,53512 ,乌海,3948 ,10648 
内蒙古,53513 ,临河,4044 ,10722 
内蒙古,53522 ,伊克乌素,4003 ,10750 
内蒙古,53529 ,鄂托克旗,3905 ,10758 
内蒙古,53533 ,杭锦旗,3949 ,10843 
内蒙古,53543 ,东胜,3950 ,10959 
内蒙古,53545 ,伊金霍洛旗,3934 ,10943 
内蒙古,53553 ,准格尔旗,3952 ,11113 
内蒙古,53562 ,清水河县,3955 ,11140 
内蒙古,53644 ,乌审旗,3836 ,10850 
内蒙古,53730 ,鄂托克前旗,3811 ,10729 
内蒙古,53732 ,河南,3751 ,10843 
内蒙古,54012 ,西乌珠穆沁,4435 ,11736 
内蒙古,54024 ,富河,4427 ,11918 
内蒙古,54026 ,扎鲁特,4434 ,12054 
内蒙古,54027 ,巴林左旗,4359 ,11924 
内蒙古,54031 ,高力板,4454 ,12149 
内蒙古,54039 ,舍伯吐,4402 ,12201 
内蒙古,54047 ,科左中旗,4408 ,12317 
内蒙古,54102 ,锡林浩特,4357 ,11607 
内蒙古,54113 ,巴林右旗,4332 ,11839 
内蒙古,54115 ,林西县,4338 ,11802 
内蒙古,54117 ,克什克腾旗,4315 ,11732 
内蒙古,54122 ,阿鲁科尔沁旗,4353 ,12003 
内蒙古,54132 ,青龙山,4224 ,12104 
内蒙古,54134 ,开鲁,4336 ,12117 
内蒙古,54135 ,通辽,4336 ,12216 
内蒙古,54204 ,正镶白旗,4218 ,11500 
内蒙古,54205 ,正蓝旗,4214 ,11600 
内蒙古,54208 ,多伦县,4211 ,11628 
内蒙古,54213 ,翁牛特旗,4256 ,11901 
内蒙古,54214 ,岗子,4235 ,11825 
内蒙古,54218 ,赤峰,4218 ,11850 
内蒙古,54223 ,奈曼,4251 ,12039 
内蒙古,54225 ,敖汉旗,4218 ,11957 
内蒙古,54226 ,宝国吐,4220 ,12042 
内蒙古,54231 ,科左后旗,4258 ,12221 
内蒙古,54234 ,库伦,4244 ,12145 
内蒙古,54305 ,太仆寺旗,4153 ,11516 
内蒙古,54313 ,喀喇沁旗,4156 ,11842 
内蒙古,54316 ,八里罕,4131 ,11845 
内蒙古,54320 ,宁城县,4136 ,11918 
宁夏,53517 ,石炭井,3916 ,10620 
宁夏,53518 ,石嘴山,3902 ,10621 
宁夏,53519 ,惠农,3913 ,10646 
宁夏,53603 ,沙湖,3850 ,10622 
宁夏,53610 ,贺兰,3834 ,10621 
宁夏,53611 ,平罗,3853 ,10633 
宁夏,53612 ,吴忠,3759 ,10611 
宁夏,53614 ,银川,3828 ,10612 
宁夏,53615 ,陶乐,3848 ,10642 
宁夏,53617 ,青铜峡,3802 ,10605 
宁夏,53618 ,永宁,3817 ,10615 
宁夏,53619 ,灵武,3807 ,10618 
宁夏,53704 ,中卫,3732 ,10511 
宁夏,53705 ,中宁,3729 ,10541 
宁夏,53707 ,兴仁,3656 ,10515 
宁夏,53723 ,盐池,3748 ,10723 
宁夏,53727 ,麻黄山,3710 ,10707 
宁夏,53806 ,海原,3634 ,10539 
宁夏,53810 ,同心,3658 ,10554 
宁夏,53817 ,固原,3600 ,10616 
宁夏,53881 ,韦州,3717 ,10629 
宁夏,53903 ,西吉,3558 ,10543 
宁夏,53910 ,六盘山,3540 ,10612 
宁夏,53914 ,隆德,3537 ,10607 
宁夏,53916 ,泾源,3530 ,10619 
青海,52602 ,冷湖,3845 ,9320 
青海,52707 ,小灶火,3648 ,9341 
青海,52818 ,格尔木,3625 ,9455 
青海,52825 ,诺木洪,3626 ,9626 
青海,52836 ,都兰,3618 ,9806 
青海,52854 ,青海湖151,3635 ,10029 
青海,52856 ,共和,3616 ,10037 
青海,52863 ,互助,3649 ,10157 
青海,52866 ,西宁,3644 ,10145 
青海,52868 ,贵德,3601 ,10122 
青海,52869 ,湟中,3630 ,10135 
青海,52875 ,平安,3630 ,10206 
青海,52876 ,民和,3620 ,10250 
青海,52877 ,化隆,3606 ,10215 
青海,52908 ,五道梁,3513 ,9305 
青海,52941 ,沙珠玉,3616 ,10016 
青海,52943 ,兴海,3535 ,9959 
青海,52955 ,贵南,3535 ,10044 
青海,52957 ,同德,3515 ,10036 
青海,52963 ,尖扎,3556 ,10201 
青海,52968 ,泽库,3502 ,10128 
青海,52972 ,循化,3551 ,10227 
青海,52974 ,同仁,3531 ,10201 
青海,56004 ,沱沱河,3413 ,9226 
青海,56016 ,治多,3351 ,9537 
青海,56018 ,杂多,3253 ,9517 
青海,56021 ,曲麻莱,3407 ,9548 
青海,56029 ,玉树,3300 ,9658 
青海,56033 ,玛多,3455 ,9813 
青海,56034 ,清水河,3348 ,9708 
青海,56043 ,玛沁,3429 ,10014 
青海,56045 ,甘德,3358 ,9954 
青海,56046 ,达日,3345 ,9939 
青海,56065 ,河南,3444 ,10136 
青海,56067 ,久治,3326 ,10129 
青海,56125 ,囊谦,3212 ,9628 
青海,56151 ,班玛,3256 ,10045 
山东,54709 ,武城,3713 ,11604 
山东,54712 ,临邑,3712 ,11649 
山东,54714 ,德州,3727 ,11620 
山东,54715 ,陵县,3719 ,11634 
山东,54716 ,宁津,3740 ,11648 
山东,54722 ,无棣,3745 ,11738 
山东,54723 ,阳信,3739 ,11734 
山东,54724 ,商河,3719 ,11708 
山东,54725 ,惠民,3730 ,11732 
山东,54726 ,乐陵,3742 ,11711 
山东,54727 ,章丘,3641 ,11733 
山东,54728 ,庆云,3746 ,11723 
山东,54729 ,高青,3710 ,11752 
山东,54734 ,滨州,3721 ,11800 
山东,54736 ,东营,3726 ,11840 
山东,54744 ,垦利,3735 ,11833 
山东,54749 ,莱州,3711 ,11957 
山东,54751 ,长岛,3756 ,12044 
山东,54752 ,蓬莱,3748 ,12046 
山东,54753 ,龙口,3738 ,12020 
山东,54755 ,招远,3720 ,12023 
山东,54759 ,栖霞,3719 ,12051 
山东,54764 ,福山,3729 ,12114 
山东,54765 ,烟台,3729 ,12126 
山东,54776 ,成山头,3724 ,12242 
山东,54777 ,文登,3712 ,12204 
山东,54802 ,临清,3649 ,11544 
山东,54806 ,聊城,3625 ,11558 
山东,54807 ,阳谷,3609 ,11546 
山东,54808 ,莘县,3614 ,11538 
山东,54812 ,齐河,3647 ,11645 
山东,54814 ,茌平,3632 ,11615 
山东,54815 ,东阿,3623 ,11616 
山东,54816 ,长清,3631 ,11648 
山东,54818 ,平阴,3615 ,11625 
山东,54819 ,肥城,3611 ,11648 
山东,54821 ,济阳,3700 ,11712 
山东,54822 ,邹平,3652 ,11744 
山东,54823 ,济南,3636 ,11700 
山东,54824 ,淄川,3638 ,11757 
山东,54825 ,博山,3631 ,11751 
山东,54826 ,泰山,3615 ,11706 
山东,54827 ,泰安,3610 ,11709 
山东,54828 ,莱芜,3614 ,11741 
山东,54829 ,周村,3646 ,11752 
山东,54830 ,淄博,3649 ,11756 
山东,54831 ,青州,3639 ,11830 
山东,54832 ,寿光,3653 ,11844 
山东,54833 ,桓台,3658 ,11805 
山东,54834 ,临淄,3652 ,11817 
山东,54835 ,临朐,3630 ,11833 
山东,54836 ,沂源,3611 ,11810 
山东,54837 ,昌乐,3641 ,11850 
山东,54841 ,昌邑,3652 ,11925 
山东,54842 ,平度,3647 ,12000 
山东,54843 ,潍坊,3645 ,11912 
山东,54844 ,安丘,3625 ,11911 
山东,54846 ,高密,3623 ,11944 
山东,54848 ,诸城,3559 ,11925 
山东,54849 ,胶州,3613 ,12002 
山东,54851 ,莱西,3654 ,12034 
山东,54852 ,莱阳,3658 ,12044 
山东,54853 ,崂山,3610 ,12025 
山东,54855 ,即墨,3623 ,12028 
山东,54857 ,青岛,3604 ,12020 
山东,54861 ,乳山,3656 ,12132 
山东,54863 ,海阳,3647 ,12111 
山东,54871 ,石岛,3656 ,12229 
山东,54904 ,鄄城,3535 ,11531 
山东,54905 ,郓城,3535 ,11556 
山东,54906 ,菏泽,3515 ,11525 
山东,54907 ,鱼台,3459 ,11639 
山东,54908 ,东明,3516 ,11506 
山东,54909 ,定陶,3505 ,11531 
山东,54910 ,梁山,3549 ,11603 
山东,54911 ,东平,3556 ,11624 
山东,54912 ,汶上,3546 ,11630 
山东,54913 ,宁阳,3545 ,11649 
山东,54914 ,巨野,3525 ,11605 
山东,54915 ,济宁,3526 ,11636 
山东,54916 ,兖州,3534 ,11651 
山东,54917 ,金乡,3506 ,11619 
山东,54918 ,曲阜,3536 ,11658 
山东,54919 ,邹城,3523 ,11659 
山东,54920 ,泗水,3539 ,11717 
山东,54921 ,嘉祥,3525 ,11620 
山东,54922 ,新泰,3553 ,11747 
山东,54923 ,蒙阴,3543 ,11756 
山东,54925 ,平邑,3531 ,11738 
山东,54927 ,滕州,3506 ,11712 
山东,54929 ,费县,3516 ,11758 
山东,54932 ,沂水,3546 ,11839 
山东,54935 ,沂南,3532 ,11826 
山东,54936 ,莒县,3534 ,11850 
山东,54938 ,临沂,3503 ,11824 
山东,54939 ,莒南,3510 ,11849 
山东,54940 ,五莲,3545 ,11912 
山东,54943 ,黄岛,3553 ,12000 
山东,54945 ,日照,3526 ,11932 
山东,58002 ,曹县,3451 ,11535 
山东,58003 ,成武,3457 ,11553 
山东,58011 ,单县,3448 ,11604 
山东,58020 ,微山,3448 ,11708 
山东,58021 ,薛城,3447 ,11717 
山东,58022 ,峄城,3445 ,11734 
山东,58024 ,枣庄,3452 ,11735 
山东,58025 ,台儿庄,3434 ,11744 
山东,58030 ,苍山,3453 ,11801 
山东,58032 ,临沭,3456 ,11839 
山西,53478 ,右玉,4000 ,11227 
山西,53486 ,阳高,4022 ,11346 
山西,53487 ,大同,4005 ,11325 
山西,53488 ,大同县,4002 ,11335 
山西,53490 ,天镇,4026 ,11403 
山西,53564 ,河曲,3923 ,11109 
山西,53565 ,偏关,3926 ,11130 
山西,53573 ,左云,4000 ,11242 
山西,53574 ,平鲁,3931 ,11216 
山西,53575 ,神池,3906 ,11212 
山西,53576 ,山阴,3930 ,11249 
山西,53577 ,宁武,3900 ,11218 
山西,53578 ,朔州,3922 ,11226 
山西,53579 ,代县,3901 ,11254 
山西,53582 ,浑源,3943 ,11340 
山西,53584 ,应县,3934 ,11310 
山西,53585 ,繁峙,3910 ,11316 
山西,53588 ,五台山,3857 ,11331 
山西,53590 ,广灵,3945 ,11416 
山西,53594 ,灵丘,3927 ,11411 
山西,53659 ,临县,3758 ,11100 
山西,53660 ,保德,3901 ,11105 
山西,53662 ,岢岚,3843 ,11135 
山西,53663 ,五寨,3855 ,11149 
山西,53664 ,兴县,3828 ,11108 
山西,53665 ,岚县,3817 ,11139 
山西,53666 ,静乐,3821 ,11156 
山西,53669 ,娄烦,3805 ,11148 
山西,53673 ,原平,3844 ,11243 
山西,53674 ,忻府区,3824 ,11242 
山西,53676 ,定襄,3830 ,11259 
山西,53677 ,尖草坪,3756 ,11229 
山西,53678 ,阳曲,3804 ,11239 
山西,53679 ,小店区,3745 ,11233 
山西,53681 ,五台县豆村,3850 ,11322 
山西,53685 ,盂县,3804 ,11325 
山西,53687 ,平定,3747 ,11338 
山西,53753 ,柳林,3726 ,11053 
山西,53759 ,石楼,3659 ,11050 
山西,53760 ,方山,3753 ,11114 
山西,53763 ,古交,3755 ,11210 
山西,53764 ,离石,3730 ,11106 
山西,53767 ,中阳,3720 ,11110 
山西,53768 ,孝义,3709 ,11145 
山西,53769 ,汾阳,3715 ,11147 
山西,53770 ,祁县,3721 ,11221 
山西,53771 ,文水,3725 ,11203 
山西,53772 ,太原,3737 ,11235 
山西,53774 ,清徐,3735 ,11222 
山西,53775 ,太谷,3725 ,11236 
山西,53776 ,榆次,3741 ,11246 
山西,53777 ,交城,3732 ,11209 
山西,53778 ,平遥,3710 ,11213 
山西,53780 ,寿阳,3754 ,11309 
山西,53782 ,阳泉,3756 ,11337 
山西,53783 ,昔阳,3736 ,11342 
山西,53786 ,左权,3705 ,11320 
山西,53787 ,榆社,3704 ,11259 
山西,53788 ,和顺,3720 ,11334 
山西,53852 ,永和,3646 ,11038 
山西,53853 ,隰县,3642 ,11057 
山西,53856 ,大宁,3628 ,11045 
山西,53859 ,吉县,3606 ,11040 
山西,53860 ,交口,3659 ,11110 
山西,53861 ,襄汾,3553 ,11123 
山西,53862 ,灵石,3651 ,11148 
山西,53863 ,介休,3702 ,11155 
山西,53864 ,蒲县,3624 ,11106 
山西,53865 ,汾西,3639 ,11133 
山西,53866 ,洪洞,3614 ,11140 
山西,53868 ,临汾,3604 ,11130 
山西,53869 ,霍州,3635 ,11142 
山西,53871 ,武乡,3650 ,11251 
山西,53872 ,沁县,3646 ,11241 
山西,53873 ,长子,3606 ,11252 
山西,53874 ,古县,3615 ,11154 
山西,53875 ,沁源,3631 ,11221 
山西,53877 ,安泽,3610 ,11215 
山西,53878 ,黎城,3631 ,11323 
山西,53879 ,屯留,3619 ,11253 
山西,53880 ,潞城,3620 ,11314 
山西,53882 ,长治,3604 ,11302 
山西,53884 ,襄垣,3631 ,11302 
山西,53885 ,壶关,3607 ,11312 
山西,53888 ,平顺,3612 ,11326 
山西,53953 ,乡宁,3558 ,11051 
山西,53954 ,稷山,3537 ,11058 
山西,53956 ,万荣,3524 ,11050 
山西,53957 ,河津,3537 ,11043 
山西,53958 ,临猗,3510 ,11047 
山西,53959 ,盐湖,3503 ,11103 
山西,53961 ,曲沃,3539 ,11129 
山西,53962 ,翼城,3544 ,11142 
山西,53963 ,侯马,3539 ,11122 
山西,53964 ,新绛,3537 ,11113 
山西,53965 ,绛县,3531 ,11134 
山西,53966 ,浮山,3559 ,11150 
山西,53967 ,闻喜,3520 ,11112 
山西,53968 ,垣曲,3517 ,11140 
山西,53970 ,沁水,3542 ,11212 
山西,53973 ,高平,3546 ,11257 
山西,53975 ,阳城,3529 ,11224 
山西,53976 ,晋城,3530 ,11252 
山西,53981 ,陵川,3547 ,11316 
山西,57052 ,永济,3453 ,11027 
山西,57053 ,芮城,3442 ,11043 
山西,57060 ,夏县,3510 ,11114 
山西,57061 ,平陆,3450 ,11112 
陕西,53567 ,府谷,3901 ,11100 
陕西,53646 ,榆林,3816 ,10947 
陕西,53651 ,神木,3849 ,11028 
陕西,53658 ,佳县,3802 ,11029 
陕西,53725 ,定边,3735 ,10735 
陕西,53735 ,靖边,3737 ,10848 
陕西,53738 ,吴旗,3655 ,10810 
陕西,53740 ,横山,3756 ,10914 
陕西,53748 ,子长,3711 ,10942 
陕西,53750 ,米脂,3746 ,11011 
陕西,53751 ,子洲,3736 ,11003 
陕西,53754 ,绥德,3730 ,11013 
陕西,53756 ,吴堡,3731 ,11043 
陕西,53757 ,清涧,3707 ,11007 
陕西,53832 ,志丹,3646 ,10846 
陕西,53841 ,安塞,3653 ,10919 
陕西,53848 ,甘泉,3616 ,10921 
陕西,53850 ,延川,3653 ,11011 
陕西,53854 ,延长,3635 ,11004 
陕西,53857 ,宜川,3604 ,11011 
陕西,53929 ,长武,3512 ,10748 
陕西,53931 ,富县,3600 ,10922 
陕西,53938 ,旬邑,3510 ,10818 
陕西,53941 ,白水,3511 ,10935 
陕西,53942 ,洛川,3546 ,10925 
陕西,53944 ,黄陵,3534 ,10915 
陕西,53945 ,宜君,3526 ,10904 
陕西,53946 ,黄龙,3536 ,10949 
陕西,53947 ,铜川,3505 ,10904 
陕西,53948 ,蒲城,3457 ,10935 
陕西,53949 ,澄城,3511 ,10955 
陕西,53950 ,合阳,3514 ,11009 
陕西,57003 ,陇县,3454 ,10650 
陕西,57016 ,宝鸡,3421 ,10708 
陕西,57020 ,宝鸡县,3422 ,10724 
陕西,57021 ,千阳,3439 ,10708 
陕西,57022 ,麟游,3441 ,10747 
陕西,57023 ,彬县,3501 ,10807 
陕西,57024 ,岐山,3427 ,10739 
陕西,57025 ,凤翔,3431 ,10723 
陕西,57026 ,扶风,3422 ,10753 
陕西,57027 ,眉县,3416 ,10744 
陕西,57028 ,太白,3402 ,10719 
陕西,57029 ,礼泉,3430 ,10829 
陕西,57030 ,永寿,3442 ,10809 
陕西,57031 ,淳化,3449 ,10833 
陕西,57033 ,泾阳,3433 ,10849 
陕西,57034 ,武功,3415 ,10813 
陕西,57035 ,乾县,3433 ,10814 
陕西,57037 ,耀县,3456 ,10859 
陕西,57038 ,兴平,3417 ,10827 
陕西,57041 ,三原,3438 ,10855 
陕西,57042 ,富平,3447 ,10911 
陕西,57043 ,大荔,3448 ,10958 
陕西,57045 ,渭南,3431 ,10929 
陕西,57046 ,华山,3429 ,11005 
陕西,57048 ,秦都,3424 ,10843 
陕西,57054 ,潼关,3433 ,11014 
陕西,57055 ,华阴,3433 ,11005 
陕西,57057 ,洛南,3406 ,11009 
陕西,57106 ,略阳,3319 ,10609 
陕西,57113 ,凤县,3354 ,10632 
陕西,57119 ,勉县,3310 ,10642 
陕西,57123 ,杨凌,3417 ,10804 
陕西,57124 ,留坝,3338 ,10656 
陕西,57127 ,汉中,3304 ,10702 
陕西,57128 ,城固,3310 ,10720 
陕西,57131 ,泾河,3426 ,10858 
陕西,57134 ,佛坪,3331 ,10759 
陕西,57137 ,宁陕,3319 ,10819 
陕西,57140 ,柞水,3340 ,10907 
陕西,57143 ,商县,3352 ,10958 
陕西,57144 ,镇安,3326 ,10909 
陕西,57153 ,丹凤,3341 ,11020 
陕西,57154 ,商南,3332 ,11054 
陕西,57155 ,山阳,3333 ,10952 
陕西,57211 ,宁强,3250 ,10615 
陕西,57213 ,南郑,3300 ,10656 
陕西,57231 ,紫阳,3232 ,10832 
陕西,57232 ,石泉,3303 ,10816 
陕西,57233 ,汉阴,3254 ,10830 
陕西,57238 ,镇巴,3232 ,10754 
陕西,57242 ,旬阳,3251 ,10922 
陕西,57245 ,安康,3243 ,10902 
陕西,57247 ,岚皋,3219 ,10854 
陕西,57248 ,平利,3224 ,10920 
陕西,57254 ,白河,3249 ,11007 
陕西,57343 ,镇坪,3154 ,10932 
上海,58361 ,闵行,3106 ,12122 
上海,58362 ,宝山,3124 ,12127 
上海,58365 ,嘉定,3122 ,12115 
上海,58366 ,崇明,3140 ,12130 
上海,58367 ,徐家汇,3112 ,12126 
上海,58369 ,南汇,3103 ,12147 
上海,58370 ,浦东,3114 ,12132 
上海,58460 ,金山,3044 ,12121 
上海,58461 ,青浦,3108 ,12107 
上海,58462 ,松江,3102 ,12114 
上海,58463 ,奉贤,3053 ,12130 
四川,56038 ,石渠,3259 ,9806 
四川,56079 ,若尔盖,3335 ,10258 
四川,56097 ,九寨沟,3316 ,10415 
四川,56144 ,德格,3148 ,9835 
四川,56146 ,甘孜,3137 ,10000 
四川,56147 ,白玉,3113 ,9850 
四川,56152 ,色达,3217 ,10020 
四川,56158 ,炉霍,3124 ,10040 
四川,56164 ,壤塘,3216 ,10059 
四川,56167 ,道孚,3059 ,10107 
四川,56168 ,金川,3129 ,10204 
四川,56171 ,阿坝,3254 ,10142 
四川,56172 ,马尔康,3154 ,10214 
四川,56173 ,红原,3248 ,10233 
四川,56178 ,小金,3100 ,10221 
四川,56180 ,茂县,3141 ,10351 
四川,56181 ,崇州,3041 ,10342 
四川,56182 ,松潘,3240 ,10336 
四川,56183 ,汶川,3130 ,10337 
四川,56184 ,理县,3126 ,10310 
四川,56185 ,黑水,3205 ,10259 
四川,56186 ,绵竹,3120 ,10412 
四川,56187 ,温江,3045 ,10352 
四川,56188 ,都江堰,3100 ,10340 
四川,56189 ,彭州,3059 ,10356 
四川,56197 ,什邡,3109 ,10410 
四川,56198 ,德阳 ,3119 ,10430 
四川,56199 ,中江,3102 ,10441 
四川,56247 ,巴塘,3000 ,9906 
四川,56251 ,新龙,3056 ,10019 
四川,56257 ,理塘,3000 ,10016 
四川,56263 ,丹巴,3053 ,10153 
四川,56267 ,雅江,3002 ,10101 
四川,56272 ,郫县,3049 ,10353 
四川,56273 ,宝兴,3023 ,10249 
四川,56276 ,新津,3027 ,10349 
四川,56278 ,天全,3004 ,10246 
四川,56279 ,芦山,3009 ,10256 
四川,56280 ,名山,3005 ,10307 
四川,56281 ,蒲江,3011 ,10330 
四川,56284 ,邛崃,3027 ,10326 
四川,56285 ,大邑,3036 ,10331 
四川,56286 ,龙泉驿,3033 ,10415 
四川,56288 ,双流,3035 ,10355 
四川,56289 ,彭山,3012 ,10352 
四川,56290 ,新都,3047 ,10411 
四川,56296 ,金堂,3051 ,10426 
四川,56297 ,仁寿,3001 ,10409 
四川,56298 ,资阳,3008 ,10436 
四川,56357 ,稻城,2903 ,10018 
四川,56371 ,泸定,2955 ,10214 
四川,56373 ,荥经,2947 ,10251 
四川,56374 ,康定,3003 ,10158 
四川,56376 ,汉源,2921 ,10238 
四川,56378 ,石棉,2914 ,10221 
四川,56380 ,洪雅,2953 ,10321 
四川,56381 ,丹棱,3004 ,10330 
四川,56382 ,夹江,2944 ,10336 
四川,56383 ,青神,2950 ,10352 
四川,56384 ,峨眉,2936 ,10329 
四川,56385 ,峨眉山,2931 ,10320 
四川,56386 ,乐山,2934 ,10345 
四川,56387 ,峨边,2914 ,10316 
四川,56389 ,犍为,2912 ,10357 
四川,56390 ,井研,2940 ,10404 
四川,56391 ,眉山,3005 ,10349 
四川,56393 ,资中,2946 ,10451 
四川,56394 ,荣县,2927 ,10426 
四川,56395 ,威远,2931 ,10440 
四川,56396 ,自贡,2921 ,10446 
四川,56399 ,富顺,2911 ,10459 
四川,56441 ,得荣,2843 ,9917 
四川,56443 ,乡城,2856 ,9948 
四川,56459 ,木里,2756 ,10116 
四川,56462 ,九龙,2900 ,10130 
四川,56473 ,甘洛,2857 ,10246 
四川,56474 ,冕宁,2833 ,10210 
四川,56475 ,越西,2839 ,10231 
四川,56478 ,喜德,2818 ,10226 
四川,56479 ,昭觉,2800 ,10251 
四川,56480 ,马边,2849 ,10332 
四川,56485 ,雷波,2816 ,10335 
四川,56487 ,美姑,2820 ,10308 
四川,56490 ,沐川,2857 ,10354 
四川,56491 ,宜宾县,2842 ,10434 
四川,56492 ,宜宾,2848 ,10436 
四川,56493 ,南溪,2851 ,10458 
四川,56494 ,屏山,2839 ,10409 
四川,56496 ,兴文,2819 ,10514 
四川,56498 ,筠连,2809 ,10430 
四川,56499 ,珙县,2823 ,10447 
四川,56565 ,盐源,2726 ,10131 
四川,56569 ,德昌,2725 ,10211 
四川,56571 ,西昌,2754 ,10216 
四川,56575 ,普格,2722 ,10233 
四川,56578 ,宁南,2704 ,10245 
四川,56580 ,布拖,2743 ,10248 
四川,56584 ,金阳,2742 ,10315 
四川,56592 ,高县,2826 ,10431 
四川,56593 ,长宁,2835 ,10455 
四川,56665 ,盐边,2641 ,10151 
四川,56666 ,攀枝花,2635 ,10143 
四川,56670 ,米易,2655 ,10207 
四川,56671 ,会理,2639 ,10215 
四川,56674 ,仁和,2630 ,10144 
四川,56675 ,会东,2639 ,10235 
四川,57204 ,青川,3234 ,10513 
四川,57206 ,广元,3226 ,10551 
四川,57208 ,剑阁,3217 ,10531 
四川,57216 ,南江,3221 ,10650 
四川,57217 ,旺苍,3214 ,10617 
四川,57237 ,万源,3204 ,10802 
四川,57303 ,苍溪,3144 ,10555 
四川,57306 ,阆中,3135 ,10558 
四川,57307 ,三台,3106 ,10505 
四川,57308 ,盐亭,3113 ,10523 
四川,57309 ,西充,3059 ,10553 
四川,57313 ,巴中,3152 ,10646 
四川,57314 ,南部,3121 ,10604 
四川,57315 ,仪陇,3132 ,10624 
四川,57317 ,蓬安,3102 ,10625 
四川,57318 ,营山,3104 ,10633 
四川,57320 ,通江,3156 ,10713 
四川,57324 ,平昌,3135 ,10705 
四川,57326 ,宣汉,3122 ,10743 
四川,57328 ,达川,3112 ,10730 
四川,57329 ,开江,3106 ,10751 
四川,57401 ,射洪,3052 ,10522 
四川,57402 ,蓬溪,3046 ,10542 
四川,57405 ,遂宁,3030 ,10533 
四川,57407 ,乐至,3017 ,10502 
四川,57408 ,安岳,3007 ,10521 
四川,57411 ,高坪,3047 ,10606 
四川,57413 ,渠县,3051 ,10658 
四川,57414 ,岳池,3031 ,10627 
四川,57415 ,广安,3032 ,10638 
四川,57416 ,邻水,3020 ,10656 
四川,57417 ,武胜,3021 ,10617 
四川,57420 ,大竹,3045 ,10711 
四川,57503 ,东兴区,2937 ,10507 
四川,57507 ,隆昌,2920 ,10518 
四川,57508 ,泸县,2909 ,10522 
四川,57600 ,江安,2843 ,10504 
四川,57603 ,合江,2849 ,10550 
四川,57608 ,叙永,2810 ,10526 
天津,54428 ,蓟县,4002 ,11724 
天津,54523 ,武清,3923 ,11701 
天津,54525 ,宝坻,3944 ,11717 
天津,54526 ,东丽区,3905 ,11720 
天津,54527 ,天津,3905 ,11703 
天津,54528 ,北辰区,3914 ,11708 
天津,54529 ,宁河,3921 ,11749 
天津,54530 ,汉沽区,3914 ,11746 
天津,54619 ,静海,3855 ,11655 
天津,54622 ,津南区,3859 ,11722 
天津,54623 ,塘沽,3903 ,11743 
天津,54645 ,大港,3851 ,11728 
西藏,55228 ,狮泉河,3230 ,8005 
西藏,55248 ,改则,3209 ,8425 
西藏,55299 ,那曲,3129 ,9204 
西藏,55437 ,普兰,3017 ,8115 
西藏,55493 ,当雄,3029 ,9106 
西藏,55569 ,拉孜,2905 ,8736 
西藏,55572 ,南木林,2941 ,8906 
西藏,55593 ,墨竹工卡,2951 ,9144 
西藏,55597 ,琼结,2902 ,9141 
西藏,55598 ,泽当,2916 ,9146 
西藏,55655 ,聂拉木,2811 ,8558 
西藏,55664 ,定日,2838 ,8705 
西藏,55680 ,江孜,2855 ,8936 
西藏,56116 ,丁青,3125 ,9536 
西藏,56128 ,类乌齐,3113 ,9636 
西藏,56137 ,昌都,3109 ,9710 
西藏,56223 ,洛隆,3045 ,9550 
西藏,56227 ,波密,2952 ,9546 
西藏,56228 ,八宿,3003 ,9655 
西藏,56312 ,林芝,2940 ,9420 
西藏,56317 ,米林,2913 ,9413 
西藏,56331 ,左贡,2940 ,9750 
西藏,56434 ,察隅,2839 ,9728 
新疆,51053 ,哈巴河,4803 ,8624 
新疆,51058 ,阿克达拉,4706 ,8758 
新疆,51060 ,布尔津,4742 ,8652 
新疆,51068 ,福海,4707 ,8728 
新疆,51076 ,阿勒泰,4744 ,8805 
新疆,51087 ,富蕴,4659 ,8931 
新疆,51133 ,塔城,4644 ,8300 
新疆,51137 ,裕民,4612 ,8256 
新疆,51145 ,额敏,4633 ,8339 
新疆,51156 ,和布克赛尔,4647 ,8543 
新疆,51232 ,阿拉山口,4511 ,8234 
新疆,51238 ,博乐,4454 ,8204 
新疆,51241 ,托里,4556 ,8336 
新疆,51243 ,克拉玛依,4537 ,8451 
新疆,51334 ,精河,4434 ,8249 
新疆,51357 ,沙湾,4420 ,8537 
新疆,51359 ,玛纳斯,4419 ,8612 
新疆,51367 ,呼图壁,4410 ,8651 
新疆,51368 ,昌吉,4407 ,8719 
新疆,51369 ,米泉,4358 ,8739 
新疆,51377 ,阜康,4410 ,8755 
新疆,51378 ,吉木萨尔,4401 ,8910 
新疆,51468 ,天山大西沟,4306 ,8650 
新疆,51469 ,鲁木齐牧试,4327 ,8711 
新疆,51470 ,天池,4353 ,8807 
新疆,51477 ,达坂城,4321 ,8819 
新疆,51482 ,木垒,4350 ,9017 
新疆,51526 ,库米什,4214 ,8813 
新疆,51542 ,巴音布鲁克,4302 ,8409 
新疆,51567 ,焉耆,4205 ,8634 
新疆,51571 ,托克逊,4248 ,8838 
新疆,51572 ,吐鲁番东坎,4250 ,8915 
新疆,51573 ,吐鲁番,4256 ,8912 
新疆,51627 ,乌什,4113 ,7914 
新疆,51628 ,阿克苏,4110 ,8014 
新疆,51636 ,新和,4133 ,8239 
新疆,51639 ,沙雅,4114 ,8247 
新疆,51656 ,库尔勒,4145 ,8608 
新疆,51704 ,阿图什,3943 ,7610 
新疆,51705 ,乌恰,3943 ,7515 
新疆,51707 ,伽师,3930 ,7644 
新疆,51709 ,喀什,3929 ,7545 
新疆,51717 ,岳普湖,3915 ,7647 
新疆,51720 ,柯坪,4030 ,7903 
新疆,51722 ,阿瓦提,4039 ,8024 
新疆,51730 ,阿拉尔,4033 ,8116 
新疆,51747 ,塔中,3900 ,8340 
新疆,51765 ,铁干里克,4038 ,8742 
新疆,51802 ,英吉沙,3856 ,7610 
新疆,51810 ,麦盖提,3855 ,7738 
新疆,51811 ,莎车,3826 ,7716 
新疆,51814 ,叶城,3755 ,7724 
新疆,51815 ,泽普,3812 ,7716 
新疆,51818 ,皮山,3737 ,7817 
新疆,51826 ,策勒,3701 ,8048 
新疆,51827 ,墨玉,3710 ,7938 
新疆,51828 ,和田,3708 ,7956 
新疆,51829 ,洛浦,3705 ,8010 
新疆,51839 ,民丰,3704 ,8243 
新疆,51855 ,且末,3809 ,8533 
新疆,51931 ,于田,3651 ,8139 
新疆,52101 ,巴里坤,4336 ,9303 
新疆,52112 ,淖毛湖,4345 ,9459 
新疆,52118 ,伊吾,4316 ,9442 
新疆,52203 ,哈密,4249 ,9331 
新疆,52313 ,红柳河,4132 ,9440 
云南,56444 ,德钦,2829 ,9855 
云南,56483 ,绥江,2835 ,10357 
云南,56489 ,永善,2814 ,10338 
云南,56497 ,盐津,2806 ,10414 
云南,56533 ,贡山,2745 ,9840 
云南,56543 ,香格里拉,2750 ,9942 
云南,56548 ,维西,2710 ,9917 
云南,56567 ,宁蒗,2718 ,10051 
云南,56582 ,大关,2745 ,10354 
云南,56585 ,鲁甸,2711 ,10332 
云南,56586 ,昭通,2721 ,10343 
云南,56594 ,彝良,2738 ,10403 
云南,56595 ,镇雄,2725 ,10452 
云南,56596 ,威信,2751 ,10503 
云南,56641 ,福贡,2654 ,9852 
云南,56643 ,六库,2552 ,9851 
云南,56645 ,兰坪,2625 ,9925 
云南,56646 ,剑川,2632 ,9955 
云南,56649 ,洱源,2606 ,9958 
云南,56651 ,丽江,2651 ,10013 
云南,56652 ,永胜,2641 ,10045 
云南,56654 ,鹤庆,2635 ,10011 
云南,56664 ,华坪,2638 ,10116 
云南,56669 ,永仁,2603 ,10140 
云南,56673 ,巧家,2655 ,10255 
云南,56684 ,会泽,2624 ,10315 
云南,56688 ,东川,2606 ,10310 
云南,56697 ,宣威,2613 ,10405 
云南,56739 ,腾冲,2459 ,9830 
云南,56742 ,云龙,2554 ,9922 
云南,56745 ,漾濞,2541 ,9957 
云南,56746 ,永平,2528 ,9931 
云南,56748 ,保山,2507 ,9911 
云南,56751 ,大理,2542 ,10011 
云南,56752 ,宾川,2550 ,10034 
云南,56755 ,弥渡,2521 ,10029 
云南,56757 ,巍山,2516 ,10017 
云南,56761 ,大姚,2543 ,10119 
云南,56764 ,姚安,2532 ,10114 
云南,56766 ,牟定,2518 ,10131 
云南,56767 ,南华,2511 ,10117 
云南,56772 ,富民,2514 ,10230 
云南,56774 ,武定,2532 ,10225 
云南,56777 ,禄丰,2509 ,10204 
云南,56778 ,昆明,2500 ,10239 
云南,56782 ,马龙,2525 ,10333 
云南,56783 ,曲靖,2530 ,10348 
云南,56785 ,嵩明,2521 ,10305 
云南,56790 ,富源,2541 ,10415 
云南,56835 ,陇川,2404 ,9749 
云南,56836 ,盈江,2442 ,9757 
云南,56839 ,镇康,2346 ,9849 
云南,56840 ,粱河,2449 ,9818 
云南,56841 ,龙陵,2436 ,9841 
云南,56842 ,施甸,2444 ,9911 
云南,56843 ,昌宁,2450 ,9937 
云南,56844 ,芒市,2426 ,9835 
云南,56846 ,凤庆,2435 ,9956 
云南,56849 ,永德,2402 ,9914 
云南,56851 ,南涧,2502 ,10031 
云南,56854 ,云县,2427 ,10008 
云南,56856 ,景东,2428 ,10052 
云南,56862 ,双柏,2441 ,10136 
云南,56863 ,安宁,2456 ,10229 
云南,56867 ,镇沅,2359 ,10107 
云南,56869 ,新平,2404 ,10158 
云南,56870 ,易门,2439 ,10211 
云南,56871 ,晋宁,2439 ,10236 
云南,56873 ,澄江,2441 ,10255 
云南,56875 ,玉溪,2420 ,10233 
云南,56876 ,江川,2417 ,10246 
云南,56878 ,通海,2408 ,10245 
云南,56879 ,华宁,2411 ,10255 
云南,56880 ,宜良,2455 ,10310 
云南,56881 ,石林,2445 ,10316 
云南,56882 ,呈贡,2453 ,10248 
云南,56883 ,师宗,2449 ,10359 
云南,56885 ,弥勒,2424 ,10327 
云南,56886 ,泸西,2432 ,10346 
云南,56889 ,丘北,2403 ,10410 
云南,56891 ,罗平,2459 ,10419 
云南,56898 ,峨山,2411 ,10224 
云南,56944 ,沧源,2309 ,9916 
云南,56946 ,耿马,2333 ,9924 
云南,56948 ,西盟,2238 ,9936 
云南,56949 ,孟连,2219 ,9936 
云南,56950 ,双江,2328 ,9948 
云南,56951 ,临沧,2353 ,10005 
云南,56952 ,景谷,2330 ,10042 
云南,56954 ,澜沧,2234 ,9956 
云南,56958 ,勐海,2155 ,10025 
云南,56962 ,墨江,2325 ,10140 
云南,56964 ,思茅,2247 ,10058 
云南,56966 ,元江,2336 ,10159 
云南,56969 ,勐腊,2128 ,10135 
云南,56970 ,石屏,2342 ,10229 
云南,56975 ,红河,2322 ,10226 
云南,56976 ,元阳,2314 ,10250 
云南,56977 ,江城,2235 ,10151 
云南,56978 ,绿春,2300 ,10225 
云南,56982 ,开远,2342 ,10317 
云南,56984 ,个旧,2323 ,10309 
云南,56987 ,金平,2247 ,10314 
云南,56991 ,砚山,2337 ,10420 
云南,56992 ,西畴,2327 ,10442 
云南,56994 ,文山,2320 ,10417 
云南,56995 ,马关,2302 ,10425 
云南,59007 ,广南,2404 ,10504 
云南,59205 ,富宁,2339 ,10538 
浙江,58443 ,长兴,3101 ,11954 
浙江,58446 ,安吉,3038 ,11942 
浙江,58448 ,临安,3013 ,11942 
浙江,58449 ,富阳,3003 ,11957 
浙江,58450 ,湖州,3052 ,12003 
浙江,58451 ,嘉善,3050 ,12056 
浙江,58452 ,嘉兴,3044 ,12046 
浙江,58453 ,绍兴,3004 ,12030 
浙江,58454 ,德清,3032 ,11959 
浙江,58455 ,海宁,3031 ,12039 
浙江,58456 ,桐乡,3038 ,12031 
浙江,58457 ,杭州,3014 ,12010 
浙江,58458 ,海盐,3032 ,12054 
浙江,58459 ,萧山,3011 ,12017 
浙江,58464 ,平湖,3039 ,12107 
浙江,58467 ,慈溪,3012 ,12116 
浙江,58468 ,余姚,3003 ,12110 
浙江,58472 ,嵊泗,3044 ,12227 
浙江,58477 ,定海,3002 ,12206 
浙江,58484 ,岱山,3015 ,12212 
浙江,58537 ,开化,2908 ,11824 
浙江,58542 ,桐庐,2949 ,11941 
浙江,58543 ,淳安,2937 ,11901 
浙江,58544 ,建德,2929 ,11916 
浙江,58546 ,浦江,2928 ,11953 
浙江,58547 ,龙游,2902 ,11911 
浙江,58548 ,兰溪,2913 ,11928 
浙江,58549 ,金华,2907 ,11939 
浙江,58550 ,诸暨,2942 ,12015 
浙江,58553 ,上虞,3003 ,12049 
浙江,58555 ,新昌,2931 ,12053 
浙江,58556 ,嵊州,2936 ,12049 
浙江,58557 ,义乌,2920 ,12005 
浙江,58558 ,东阳,2916 ,12013 
浙江,58559 ,天台,2910 ,12059 
浙江,58560 ,磐安,2903 ,12026 
浙江,58561 ,镇海,2959 ,12136 
浙江,58562 ,鄞州,2947 ,12133 
浙江,58563 ,北仑,2953 ,12150 
浙江,58565 ,奉化,2942 ,12123 
浙江,58566 ,象山,2928 ,12153 
浙江,58567 ,宁海,2919 ,12126 
浙江,58568 ,三门,2907 ,12123 
浙江,58569 ,石浦,2912 ,12157 
浙江,58570 ,普陀,2957 ,12218 
浙江,58631 ,常山,2854 ,11830 
浙江,58632 ,江山,2843 ,11836 
浙江,58642 ,武义,2853 ,11948 
浙江,58643 ,永康,2854 ,12002 
浙江,58644 ,遂昌,2836 ,11917 
浙江,58646 ,丽水,2827 ,11955 
浙江,58647 ,龙泉,2805 ,11908 
浙江,58652 ,仙居,2852 ,12043 
浙江,58654 ,缙云,2840 ,12005 
浙江,58656 ,乐清,2804 ,12058 
浙江,58657 ,青田,2809 ,12017 
浙江,58658 ,永嘉,2809 ,12041 
浙江,58659 ,温州,2802 ,12039 
浙江,58660 ,临海,2852 ,12112 
浙江,58664 ,温岭,2822 ,12122 
浙江,58665 ,洪家,2837 ,12125 
浙江,58666 ,大陈,2827 ,12154 
浙江,58667 ,玉环,2805 ,12116 
浙江,58742 ,云和,2807 ,11933 
浙江,58745 ,庆元,2737 ,11905 
浙江,58746 ,泰顺,2733 ,11942 
浙江,58750 ,文成,2747 ,12005 
浙江,58751 ,平阳,2740 ,12034 
浙江,58752 ,瑞安,2747 ,12039 
浙江,58648 ,景宁,2800 ,11938 
重庆,57333 ,城口,3157 ,10840 
重庆,57338 ,开县,3111 ,10825 
重庆,57339 ,云阳,3057 ,10841 
重庆,57345 ,巫溪,3124 ,10937 
重庆,57348 ,奉节,3101 ,10932 
重庆,57349 ,巫山,3104 ,10952 
重庆,57409 ,潼南,3011 ,10548 
重庆,57425 ,垫江,3020 ,10720 
重庆,57431 ,天城,3050 ,10821 
重庆,57432 ,万州,3046 ,10824 
重庆,57437 ,忠县,3018 ,10802 
重庆,57438 ,石柱,2959 ,10807 
重庆,57502 ,大足,2942 ,10542 
重庆,57505 ,荣昌,2925 ,10535 
重庆,57506 ,永川,2922 ,10554 
重庆,57509 ,万盛,2857 ,10656 
重庆,57510 ,铜梁,2951 ,10604 
重庆,57511 ,北碚,2951 ,10627 
重庆,57512 ,合川,2958 ,10617 
重庆,57513 ,渝北,2944 ,10637 
重庆,57514 ,璧山,2935 ,10613 
重庆,57516 ,沙坪坝,2935 ,10628 
重庆,57517 ,江津,2917 ,10615 
重庆,57518 ,巴南,2920 ,10630 
重庆,57519 ,南川,2910 ,10707 
重庆,57520 ,长寿,2950 ,10704 
重庆,57523 ,丰都,2951 ,10744 
重庆,57525 ,武隆,2919 ,10745 
重庆,57536 ,黔江,2932 ,10847 
重庆,57537 ,彭水,2918 ,10810 
重庆,57612 ,綦江,2900 ,10639 
重庆,57633 ,酉阳,2849 ,10846 
重庆,57635 ,秀山,2827 ,10859 
